sku_id,forecast_horizon_week,forecast_week,forecast_week_end,forecast_demand,selected_model,forecast_generated_from_week,future_promo_flag_assumption
SKU10000,1,2024-12-30,2025-01-05,121.46866895221292,HistGradientBoosting,2024-12-23,0
SKU10001,1,2024-12-30,2025-01-05,19.17216441508221,HistGradientBoosting,2024-12-23,0
SKU10002,1,2024-12-30,2025-01-05,135.63652320102764,HistGradientBoosting,2024-12-23,0
SKU10003,1,2024-12-30,2025-01-05,131.23360695336024,HistGradientBoosting,2024-12-23,0
SKU10004,1,2024-12-30,2025-01-05,10.947579479772505,HistGradientBoosting,2024-12-23,0
SKU10005,1,2024-12-30,2025-01-05,11.755826973856161,HistGradientBoosting,2024-12-23,0
SKU10006,1,2024-12-30,2025-01-05,56.800012736116955,HistGradientBoosting,2024-12-23,0
SKU10007,1,2024-12-30,2025-01-05,21.967191561716394,HistGradientBoosting,2024-12-23,0
SKU10008,1,2024-12-30,2025-01-05,10.353439021330598,HistGradientBoosting,2024-12-23,0
SKU10009,1,2024-12-30,2025-01-05,51.092799929390615,HistGradientBoosting,2024-12-23,0
SKU10010,1,2024-12-30,2025-01-05,19.184333859562493,HistGradientBoosting,2024-12-23,0
SKU10011,1,2024-12-30,2025-01-05,52.90706051967987,HistGradientBoosting,2024-12-23,0
SKU10012,1,2024-12-30,2025-01-05,22.676128176488675,HistGradientBoosting,2024-12-23,0
SKU10013,1,2024-12-30,2025-01-05,48.43363934524059,HistGradientBoosting,2024-12-23,0
SKU10014,1,2024-12-30,2025-01-05,38.960708993178955,HistGradientBoosting,2024-12-23,0
SKU10015,1,2024-12-30,2025-01-05,98.40860043418824,HistGradientBoosting,2024-12-23,0
SKU10016,1,2024-12-30,2025-01-05,11.90593744622925,HistGradientBoosting,2024-12-23,0
SKU10017,1,2024-12-30,2025-01-05,76.83454780663226,HistGradientBoosting,2024-12-23,0
SKU10018,1,2024-12-30,2025-01-05,28.034106923926366,HistGradientBoosting,2024-12-23,0
SKU10019,1,2024-12-30,2025-01-05,221.25365534234427,HistGradientBoosting,2024-12-23,0
SKU10020,1,2024-12-30,2025-01-05,31.934299881198722,HistGradientBoosting,2024-12-23,0
SKU10021,1,2024-12-30,2025-01-05,515.3182577921349,HistGradientBoosting,2024-12-23,0
SKU10022,1,2024-12-30,2025-01-05,47.57464982300636,HistGradientBoosting,2024-12-23,0
SKU10023,1,2024-12-30,2025-01-05,8.956388563151481,HistGradientBoosting,2024-12-23,0
SKU10024,1,2024-12-30,2025-01-05,132.0177074022345,HistGradientBoosting,2024-12-23,0
SKU10025,1,2024-12-30,2025-01-05,18.275639899292933,HistGradientBoosting,2024-12-23,0
SKU10026,1,2024-12-30,2025-01-05,17.367461230183874,HistGradientBoosting,2024-12-23,0
SKU10027,1,2024-12-30,2025-01-05,30.01969093835916,HistGradientBoosting,2024-12-23,0
SKU10028,1,2024-12-30,2025-01-05,61.746135091533304,HistGradientBoosting,2024-12-23,0
SKU10029,1,2024-12-30,2025-01-05,46.87397322807231,HistGradientBoosting,2024-12-23,0
SKU10030,1,2024-12-30,2025-01-05,16.576166814986628,HistGradientBoosting,2024-12-23,0
SKU10031,1,2024-12-30,2025-01-05,210.50894015524867,HistGradientBoosting,2024-12-23,0
SKU10032,1,2024-12-30,2025-01-05,14.375751791490776,HistGradientBoosting,2024-12-23,0
SKU10033,1,2024-12-30,2025-01-05,16.09585164133934,HistGradientBoosting,2024-12-23,0
SKU10034,1,2024-12-30,2025-01-05,21.85761133650992,HistGradientBoosting,2024-12-23,0
SKU10035,1,2024-12-30,2025-01-05,9.510862012526843,HistGradientBoosting,2024-12-23,0
SKU10036,1,2024-12-30,2025-01-05,41.30594823418364,HistGradientBoosting,2024-12-23,0
SKU10037,1,2024-12-30,2025-01-05,96.95616546331262,HistGradientBoosting,2024-12-23,0
SKU10038,1,2024-12-30,2025-01-05,42.07811587283355,HistGradientBoosting,2024-12-23,0
SKU10039,1,2024-12-30,2025-01-05,14.43250010553866,HistGradientBoosting,2024-12-23,0
SKU10040,1,2024-12-30,2025-01-05,19.858487919867997,HistGradientBoosting,2024-12-23,0
SKU10041,1,2024-12-30,2025-01-05,10.09337394590544,HistGradientBoosting,2024-12-23,0
SKU10042,1,2024-12-30,2025-01-05,174.90145088484505,HistGradientBoosting,2024-12-23,0
SKU10043,1,2024-12-30,2025-01-05,8.57340860989247,HistGradientBoosting,2024-12-23,0
SKU10044,1,2024-12-30,2025-01-05,51.56790596426617,HistGradientBoosting,2024-12-23,0
SKU10045,1,2024-12-30,2025-01-05,778.0190224246015,HistGradientBoosting,2024-12-23,0
SKU10046,1,2024-12-30,2025-01-05,50.27164688796596,HistGradientBoosting,2024-12-23,0
SKU10047,1,2024-12-30,2025-01-05,316.23341189953743,HistGradientBoosting,2024-12-23,0
SKU10048,1,2024-12-30,2025-01-05,12.819420759302401,HistGradientBoosting,2024-12-23,0
SKU10049,1,2024-12-30,2025-01-05,113.01335558180837,HistGradientBoosting,2024-12-23,0
SKU10050,1,2024-12-30,2025-01-05,36.71183727849717,HistGradientBoosting,2024-12-23,0
SKU10051,1,2024-12-30,2025-01-05,100.68712968973638,HistGradientBoosting,2024-12-23,0
SKU10052,1,2024-12-30,2025-01-05,9.906553465763016,HistGradientBoosting,2024-12-23,0
SKU10053,1,2024-12-30,2025-01-05,8.789519821274501,HistGradientBoosting,2024-12-23,0
SKU10054,1,2024-12-30,2025-01-05,16.55069015849472,HistGradientBoosting,2024-12-23,0
SKU10055,1,2024-12-30,2025-01-05,88.24871689933872,HistGradientBoosting,2024-12-23,0
SKU10056,1,2024-12-30,2025-01-05,165.9374740665976,HistGradientBoosting,2024-12-23,0
SKU10057,1,2024-12-30,2025-01-05,155.76464749838937,HistGradientBoosting,2024-12-23,0
SKU10058,1,2024-12-30,2025-01-05,11.305747878310768,HistGradientBoosting,2024-12-23,0
SKU10059,1,2024-12-30,2025-01-05,176.26539687362023,HistGradientBoosting,2024-12-23,0
SKU10060,1,2024-12-30,2025-01-05,25.24322608270817,HistGradientBoosting,2024-12-23,0
SKU10061,1,2024-12-30,2025-01-05,25.23097901066217,HistGradientBoosting,2024-12-23,0
SKU10062,1,2024-12-30,2025-01-05,7.855752212434593,HistGradientBoosting,2024-12-23,0
SKU10063,1,2024-12-30,2025-01-05,94.07175778969972,HistGradientBoosting,2024-12-23,0
SKU10064,1,2024-12-30,2025-01-05,14.821592328562854,HistGradientBoosting,2024-12-23,0
SKU10065,1,2024-12-30,2025-01-05,59.15032608396138,HistGradientBoosting,2024-12-23,0
SKU10066,1,2024-12-30,2025-01-05,169.78348854157102,HistGradientBoosting,2024-12-23,0
SKU10067,1,2024-12-30,2025-01-05,5.85973708624482,HistGradientBoosting,2024-12-23,0
SKU10068,1,2024-12-30,2025-01-05,36.48082707108751,HistGradientBoosting,2024-12-23,0
SKU10069,1,2024-12-30,2025-01-05,14.940780954020651,HistGradientBoosting,2024-12-23,0
SKU10070,1,2024-12-30,2025-01-05,17.293443671974426,HistGradientBoosting,2024-12-23,0
SKU10071,1,2024-12-30,2025-01-05,33.45624287871926,HistGradientBoosting,2024-12-23,0
SKU10072,1,2024-12-30,2025-01-05,17.66331883180185,HistGradientBoosting,2024-12-23,0
SKU10073,1,2024-12-30,2025-01-05,122.65535426774915,HistGradientBoosting,2024-12-23,0
SKU10074,1,2024-12-30,2025-01-05,46.50939903946019,HistGradientBoosting,2024-12-23,0
SKU10075,1,2024-12-30,2025-01-05,52.79010270445248,HistGradientBoosting,2024-12-23,0
SKU10076,1,2024-12-30,2025-01-05,106.9819840414881,HistGradientBoosting,2024-12-23,0
SKU10077,1,2024-12-30,2025-01-05,48.870950892187295,HistGradientBoosting,2024-12-23,0
SKU10078,1,2024-12-30,2025-01-05,55.04581403787365,HistGradientBoosting,2024-12-23,0
SKU10079,1,2024-12-30,2025-01-05,46.90428817729323,HistGradientBoosting,2024-12-23,0
SKU10080,1,2024-12-30,2025-01-05,19.85094222302255,HistGradientBoosting,2024-12-23,0
SKU10081,1,2024-12-30,2025-01-05,22.013969222154984,HistGradientBoosting,2024-12-23,0
SKU10082,1,2024-12-30,2025-01-05,179.22544541175336,HistGradientBoosting,2024-12-23,0
SKU10083,1,2024-12-30,2025-01-05,59.289735065797885,HistGradientBoosting,2024-12-23,0
SKU10084,1,2024-12-30,2025-01-05,13.800610231177462,HistGradientBoosting,2024-12-23,0
SKU10085,1,2024-12-30,2025-01-05,55.36423999878598,HistGradientBoosting,2024-12-23,0
SKU10086,1,2024-12-30,2025-01-05,15.600718478833194,HistGradientBoosting,2024-12-23,0
SKU10087,1,2024-12-30,2025-01-05,246.95608842069296,HistGradientBoosting,2024-12-23,0
SKU10088,1,2024-12-30,2025-01-05,10.720426449445245,HistGradientBoosting,2024-12-23,0
SKU10089,1,2024-12-30,2025-01-05,16.909126801954777,HistGradientBoosting,2024-12-23,0
SKU10090,1,2024-12-30,2025-01-05,17.582304955674008,HistGradientBoosting,2024-12-23,0
SKU10091,1,2024-12-30,2025-01-05,32.23809620936066,HistGradientBoosting,2024-12-23,0
SKU10092,1,2024-12-30,2025-01-05,159.94688729516722,HistGradientBoosting,2024-12-23,0
SKU10093,1,2024-12-30,2025-01-05,17.097597978409933,HistGradientBoosting,2024-12-23,0
SKU10094,1,2024-12-30,2025-01-05,140.49534930472703,HistGradientBoosting,2024-12-23,0
SKU10095,1,2024-12-30,2025-01-05,16.06275027250835,HistGradientBoosting,2024-12-23,0
SKU10096,1,2024-12-30,2025-01-05,176.00856814217855,HistGradientBoosting,2024-12-23,0
SKU10097,1,2024-12-30,2025-01-05,6.3305855357988,HistGradientBoosting,2024-12-23,0
SKU10098,1,2024-12-30,2025-01-05,9.383606987109179,HistGradientBoosting,2024-12-23,0
SKU10099,1,2024-12-30,2025-01-05,82.26489824126269,HistGradientBoosting,2024-12-23,0
SKU10100,1,2024-12-30,2025-01-05,1777.2135229031467,HistGradientBoosting,2024-12-23,0
SKU10101,1,2024-12-30,2025-01-05,203.0666306604424,HistGradientBoosting,2024-12-23,0
SKU10102,1,2024-12-30,2025-01-05,43.83030675688749,HistGradientBoosting,2024-12-23,0
SKU10103,1,2024-12-30,2025-01-05,289.03164769964496,HistGradientBoosting,2024-12-23,0
SKU10104,1,2024-12-30,2025-01-05,6.435159349283012,HistGradientBoosting,2024-12-23,0
SKU10105,1,2024-12-30,2025-01-05,506.8465917889659,HistGradientBoosting,2024-12-23,0
SKU10106,1,2024-12-30,2025-01-05,48.56308620804796,HistGradientBoosting,2024-12-23,0
SKU10107,1,2024-12-30,2025-01-05,93.77875930542947,HistGradientBoosting,2024-12-23,0
SKU10108,1,2024-12-30,2025-01-05,149.58023640306334,HistGradientBoosting,2024-12-23,0
SKU10109,1,2024-12-30,2025-01-05,104.80987917413947,HistGradientBoosting,2024-12-23,0
SKU10110,1,2024-12-30,2025-01-05,40.28723513803065,HistGradientBoosting,2024-12-23,0
SKU10111,1,2024-12-30,2025-01-05,46.9482842333323,HistGradientBoosting,2024-12-23,0
SKU10112,1,2024-12-30,2025-01-05,160.2856213136364,HistGradientBoosting,2024-12-23,0
SKU10113,1,2024-12-30,2025-01-05,12.481288794219394,HistGradientBoosting,2024-12-23,0
SKU10114,1,2024-12-30,2025-01-05,507.2016144378321,HistGradientBoosting,2024-12-23,0
SKU10115,1,2024-12-30,2025-01-05,91.15813568386997,HistGradientBoosting,2024-12-23,0
SKU10116,1,2024-12-30,2025-01-05,13.331871203430577,HistGradientBoosting,2024-12-23,0
SKU10117,1,2024-12-30,2025-01-05,155.27207191702703,HistGradientBoosting,2024-12-23,0
SKU10118,1,2024-12-30,2025-01-05,40.84931289136975,HistGradientBoosting,2024-12-23,0
SKU10119,1,2024-12-30,2025-01-05,92.79735517558254,HistGradientBoosting,2024-12-23,0
SKU10120,1,2024-12-30,2025-01-05,136.21088878542062,HistGradientBoosting,2024-12-23,0
SKU10121,1,2024-12-30,2025-01-05,11.409120570168099,HistGradientBoosting,2024-12-23,0
SKU10122,1,2024-12-30,2025-01-05,25.914784981226152,HistGradientBoosting,2024-12-23,0
SKU10123,1,2024-12-30,2025-01-05,355.58103601887916,HistGradientBoosting,2024-12-23,0
SKU10124,1,2024-12-30,2025-01-05,18.768382638057233,HistGradientBoosting,2024-12-23,0
SKU10125,1,2024-12-30,2025-01-05,53.7287006657485,HistGradientBoosting,2024-12-23,0
SKU10126,1,2024-12-30,2025-01-05,30.78979079086563,HistGradientBoosting,2024-12-23,0
SKU10127,1,2024-12-30,2025-01-05,43.03587765138245,HistGradientBoosting,2024-12-23,0
SKU10128,1,2024-12-30,2025-01-05,36.44020994811319,HistGradientBoosting,2024-12-23,0
SKU10129,1,2024-12-30,2025-01-05,50.87465334452473,HistGradientBoosting,2024-12-23,0
SKU10130,1,2024-12-30,2025-01-05,19.412591365007213,HistGradientBoosting,2024-12-23,0
SKU10131,1,2024-12-30,2025-01-05,98.76411377981668,HistGradientBoosting,2024-12-23,0
SKU10132,1,2024-12-30,2025-01-05,12.43503639383223,HistGradientBoosting,2024-12-23,0
SKU10133,1,2024-12-30,2025-01-05,13.130488487161037,HistGradientBoosting,2024-12-23,0
SKU10134,1,2024-12-30,2025-01-05,10.281221236217435,HistGradientBoosting,2024-12-23,0
SKU10135,1,2024-12-30,2025-01-05,15.73552127666355,HistGradientBoosting,2024-12-23,0
SKU10136,1,2024-12-30,2025-01-05,33.10725565260256,HistGradientBoosting,2024-12-23,0
SKU10137,1,2024-12-30,2025-01-05,65.93490308386308,HistGradientBoosting,2024-12-23,0
SKU10138,1,2024-12-30,2025-01-05,171.75974959660266,HistGradientBoosting,2024-12-23,0
SKU10139,1,2024-12-30,2025-01-05,14.146896222021649,HistGradientBoosting,2024-12-23,0
SKU10140,1,2024-12-30,2025-01-05,175.54564741292097,HistGradientBoosting,2024-12-23,0
SKU10141,1,2024-12-30,2025-01-05,117.72421637519537,HistGradientBoosting,2024-12-23,0
SKU10142,1,2024-12-30,2025-01-05,16.076462826741793,HistGradientBoosting,2024-12-23,0
SKU10143,1,2024-12-30,2025-01-05,328.1566488978185,HistGradientBoosting,2024-12-23,0
SKU10144,1,2024-12-30,2025-01-05,1110.9513692015094,HistGradientBoosting,2024-12-23,0
SKU10145,1,2024-12-30,2025-01-05,10.671734708052616,HistGradientBoosting,2024-12-23,0
SKU10146,1,2024-12-30,2025-01-05,30.624563275555218,HistGradientBoosting,2024-12-23,0
SKU10147,1,2024-12-30,2025-01-05,237.35039228606763,HistGradientBoosting,2024-12-23,0
SKU10148,1,2024-12-30,2025-01-05,104.65578763537864,HistGradientBoosting,2024-12-23,0
SKU10149,1,2024-12-30,2025-01-05,9.94280271765405,HistGradientBoosting,2024-12-23,0
SKU10000,2,2025-01-06,2025-01-12,129.68120334912152,HistGradientBoosting,2024-12-23,0
SKU10001,2,2025-01-06,2025-01-12,29.369315161264286,HistGradientBoosting,2024-12-23,0
SKU10002,2,2025-01-06,2025-01-12,163.09221070673294,HistGradientBoosting,2024-12-23,0
SKU10003,2,2025-01-06,2025-01-12,162.13678795251218,HistGradientBoosting,2024-12-23,0
SKU10004,2,2025-01-06,2025-01-12,16.483159333701312,HistGradientBoosting,2024-12-23,0
SKU10005,2,2025-01-06,2025-01-12,13.576517669028906,HistGradientBoosting,2024-12-23,0
SKU10006,2,2025-01-06,2025-01-12,52.97258677760436,HistGradientBoosting,2024-12-23,0
SKU10007,2,2025-01-06,2025-01-12,26.285271743097216,HistGradientBoosting,2024-12-23,0
SKU10008,2,2025-01-06,2025-01-12,16.928096628544306,HistGradientBoosting,2024-12-23,0
SKU10009,2,2025-01-06,2025-01-12,56.394063263116436,HistGradientBoosting,2024-12-23,0
SKU10010,2,2025-01-06,2025-01-12,32.64834514756245,HistGradientBoosting,2024-12-23,0
SKU10011,2,2025-01-06,2025-01-12,59.76800105912788,HistGradientBoosting,2024-12-23,0
SKU10012,2,2025-01-06,2025-01-12,28.587879320150297,HistGradientBoosting,2024-12-23,0
SKU10013,2,2025-01-06,2025-01-12,50.00298454030556,HistGradientBoosting,2024-12-23,0
SKU10014,2,2025-01-06,2025-01-12,33.98151624292129,HistGradientBoosting,2024-12-23,0
SKU10015,2,2025-01-06,2025-01-12,104.07407332735245,HistGradientBoosting,2024-12-23,0
SKU10016,2,2025-01-06,2025-01-12,11.207482330365236,HistGradientBoosting,2024-12-23,0
SKU10017,2,2025-01-06,2025-01-12,125.14205428642609,HistGradientBoosting,2024-12-23,0
SKU10018,2,2025-01-06,2025-01-12,37.44210260296043,HistGradientBoosting,2024-12-23,0
SKU10019,2,2025-01-06,2025-01-12,219.62834919325485,HistGradientBoosting,2024-12-23,0
SKU10020,2,2025-01-06,2025-01-12,39.02492718116559,HistGradientBoosting,2024-12-23,0
SKU10021,2,2025-01-06,2025-01-12,562.8396888376913,HistGradientBoosting,2024-12-23,0
SKU10022,2,2025-01-06,2025-01-12,73.61709278991029,HistGradientBoosting,2024-12-23,0
SKU10023,2,2025-01-06,2025-01-12,12.188578961108952,HistGradientBoosting,2024-12-23,0
SKU10024,2,2025-01-06,2025-01-12,133.15064483042974,HistGradientBoosting,2024-12-23,0
SKU10025,2,2025-01-06,2025-01-12,21.64684541169166,HistGradientBoosting,2024-12-23,0
SKU10026,2,2025-01-06,2025-01-12,36.976381520630525,HistGradientBoosting,2024-12-23,0
SKU10027,2,2025-01-06,2025-01-12,37.793303192828866,HistGradientBoosting,2024-12-23,0
SKU10028,2,2025-01-06,2025-01-12,53.39071185915664,HistGradientBoosting,2024-12-23,0
SKU10029,2,2025-01-06,2025-01-12,47.10608297336923,HistGradientBoosting,2024-12-23,0
SKU10030,2,2025-01-06,2025-01-12,31.70794006801728,HistGradientBoosting,2024-12-23,0
SKU10031,2,2025-01-06,2025-01-12,230.69647556264312,HistGradientBoosting,2024-12-23,0
SKU10032,2,2025-01-06,2025-01-12,18.739357809688734,HistGradientBoosting,2024-12-23,0
SKU10033,2,2025-01-06,2025-01-12,19.613262893210027,HistGradientBoosting,2024-12-23,0
SKU10034,2,2025-01-06,2025-01-12,19.678293386291635,HistGradientBoosting,2024-12-23,0
SKU10035,2,2025-01-06,2025-01-12,15.171071957479674,HistGradientBoosting,2024-12-23,0
SKU10036,2,2025-01-06,2025-01-12,71.60612841035697,HistGradientBoosting,2024-12-23,0
SKU10037,2,2025-01-06,2025-01-12,100.64012335740046,HistGradientBoosting,2024-12-23,0
SKU10038,2,2025-01-06,2025-01-12,49.865666673494694,HistGradientBoosting,2024-12-23,0
SKU10039,2,2025-01-06,2025-01-12,18.493909731861233,HistGradientBoosting,2024-12-23,0
SKU10040,2,2025-01-06,2025-01-12,22.82770774356217,HistGradientBoosting,2024-12-23,0
SKU10041,2,2025-01-06,2025-01-12,9.449723655348247,HistGradientBoosting,2024-12-23,0
SKU10042,2,2025-01-06,2025-01-12,174.10769452701456,HistGradientBoosting,2024-12-23,0
SKU10043,2,2025-01-06,2025-01-12,10.639062398093529,HistGradientBoosting,2024-12-23,0
SKU10044,2,2025-01-06,2025-01-12,57.86457544432718,HistGradientBoosting,2024-12-23,0
SKU10045,2,2025-01-06,2025-01-12,810.5405739721577,HistGradientBoosting,2024-12-23,0
SKU10046,2,2025-01-06,2025-01-12,54.28341404439943,HistGradientBoosting,2024-12-23,0
SKU10047,2,2025-01-06,2025-01-12,264.2424270280315,HistGradientBoosting,2024-12-23,0
SKU10048,2,2025-01-06,2025-01-12,20.679545415153456,HistGradientBoosting,2024-12-23,0
SKU10049,2,2025-01-06,2025-01-12,140.39936232859196,HistGradientBoosting,2024-12-23,0
SKU10050,2,2025-01-06,2025-01-12,54.318683270645884,HistGradientBoosting,2024-12-23,0
SKU10051,2,2025-01-06,2025-01-12,116.66636814776612,HistGradientBoosting,2024-12-23,0
SKU10052,2,2025-01-06,2025-01-12,12.70078923683754,HistGradientBoosting,2024-12-23,0
SKU10053,2,2025-01-06,2025-01-12,9.985448518430738,HistGradientBoosting,2024-12-23,0
SKU10054,2,2025-01-06,2025-01-12,28.617918625293406,HistGradientBoosting,2024-12-23,0
SKU10055,2,2025-01-06,2025-01-12,81.97461035646664,HistGradientBoosting,2024-12-23,0
SKU10056,2,2025-01-06,2025-01-12,203.4657236302773,HistGradientBoosting,2024-12-23,0
SKU10057,2,2025-01-06,2025-01-12,175.3708575482651,HistGradientBoosting,2024-12-23,0
SKU10058,2,2025-01-06,2025-01-12,15.023619141838099,HistGradientBoosting,2024-12-23,0
SKU10059,2,2025-01-06,2025-01-12,190.4965496907343,HistGradientBoosting,2024-12-23,0
SKU10060,2,2025-01-06,2025-01-12,28.4187667245056,HistGradientBoosting,2024-12-23,0
SKU10061,2,2025-01-06,2025-01-12,35.62045200180313,HistGradientBoosting,2024-12-23,0
SKU10062,2,2025-01-06,2025-01-12,11.081743392742391,HistGradientBoosting,2024-12-23,0
SKU10063,2,2025-01-06,2025-01-12,108.86099688386021,HistGradientBoosting,2024-12-23,0
SKU10064,2,2025-01-06,2025-01-12,17.516726471427926,HistGradientBoosting,2024-12-23,0
SKU10065,2,2025-01-06,2025-01-12,73.70053315316369,HistGradientBoosting,2024-12-23,0
SKU10066,2,2025-01-06,2025-01-12,178.5599352101536,HistGradientBoosting,2024-12-23,0
SKU10067,2,2025-01-06,2025-01-12,8.271026019406994,HistGradientBoosting,2024-12-23,0
SKU10068,2,2025-01-06,2025-01-12,35.3382826539966,HistGradientBoosting,2024-12-23,0
SKU10069,2,2025-01-06,2025-01-12,20.965103564703007,HistGradientBoosting,2024-12-23,0
SKU10070,2,2025-01-06,2025-01-12,24.972308142780083,HistGradientBoosting,2024-12-23,0
SKU10071,2,2025-01-06,2025-01-12,55.790635706047205,HistGradientBoosting,2024-12-23,0
SKU10072,2,2025-01-06,2025-01-12,26.077133530792434,HistGradientBoosting,2024-12-23,0
SKU10073,2,2025-01-06,2025-01-12,106.50878796081025,HistGradientBoosting,2024-12-23,0
SKU10074,2,2025-01-06,2025-01-12,71.48352752086589,HistGradientBoosting,2024-12-23,0
SKU10075,2,2025-01-06,2025-01-12,53.31239647746327,HistGradientBoosting,2024-12-23,0
SKU10076,2,2025-01-06,2025-01-12,133.42561850971757,HistGradientBoosting,2024-12-23,0
SKU10077,2,2025-01-06,2025-01-12,68.25742467248799,HistGradientBoosting,2024-12-23,0
SKU10078,2,2025-01-06,2025-01-12,65.57040306982532,HistGradientBoosting,2024-12-23,0
SKU10079,2,2025-01-06,2025-01-12,53.81683151755137,HistGradientBoosting,2024-12-23,0
SKU10080,2,2025-01-06,2025-01-12,28.97193022163926,HistGradientBoosting,2024-12-23,0
SKU10081,2,2025-01-06,2025-01-12,28.770090764143447,HistGradientBoosting,2024-12-23,0
SKU10082,2,2025-01-06,2025-01-12,204.85377097543318,HistGradientBoosting,2024-12-23,0
SKU10083,2,2025-01-06,2025-01-12,99.32849736838801,HistGradientBoosting,2024-12-23,0
SKU10084,2,2025-01-06,2025-01-12,17.701961824255722,HistGradientBoosting,2024-12-23,0
SKU10085,2,2025-01-06,2025-01-12,47.12883840653071,HistGradientBoosting,2024-12-23,0
SKU10086,2,2025-01-06,2025-01-12,26.37282481891554,HistGradientBoosting,2024-12-23,0
SKU10087,2,2025-01-06,2025-01-12,285.3523477615617,HistGradientBoosting,2024-12-23,0
SKU10088,2,2025-01-06,2025-01-12,14.117119954778902,HistGradientBoosting,2024-12-23,0
SKU10089,2,2025-01-06,2025-01-12,33.242653438891736,HistGradientBoosting,2024-12-23,0
SKU10090,2,2025-01-06,2025-01-12,30.831451202333916,HistGradientBoosting,2024-12-23,0
SKU10091,2,2025-01-06,2025-01-12,36.76624074263803,HistGradientBoosting,2024-12-23,0
SKU10092,2,2025-01-06,2025-01-12,178.69969179881997,HistGradientBoosting,2024-12-23,0
SKU10093,2,2025-01-06,2025-01-12,22.92942265606744,HistGradientBoosting,2024-12-23,0
SKU10094,2,2025-01-06,2025-01-12,153.27060065936448,HistGradientBoosting,2024-12-23,0
SKU10095,2,2025-01-06,2025-01-12,21.779312165622912,HistGradientBoosting,2024-12-23,0
SKU10096,2,2025-01-06,2025-01-12,199.3638452727345,HistGradientBoosting,2024-12-23,0
SKU10097,2,2025-01-06,2025-01-12,6.460004801028468,HistGradientBoosting,2024-12-23,0
SKU10098,2,2025-01-06,2025-01-12,15.180291357569669,HistGradientBoosting,2024-12-23,0
SKU10099,2,2025-01-06,2025-01-12,106.36929036886822,HistGradientBoosting,2024-12-23,0
SKU10100,2,2025-01-06,2025-01-12,1963.4729944487908,HistGradientBoosting,2024-12-23,0
SKU10101,2,2025-01-06,2025-01-12,224.63025106311105,HistGradientBoosting,2024-12-23,0
SKU10102,2,2025-01-06,2025-01-12,55.115918922682255,HistGradientBoosting,2024-12-23,0
SKU10103,2,2025-01-06,2025-01-12,318.39420989239653,HistGradientBoosting,2024-12-23,0
SKU10104,2,2025-01-06,2025-01-12,8.624521133349948,HistGradientBoosting,2024-12-23,0
SKU10105,2,2025-01-06,2025-01-12,559.9662519337467,HistGradientBoosting,2024-12-23,0
SKU10106,2,2025-01-06,2025-01-12,37.57838671550814,HistGradientBoosting,2024-12-23,0
SKU10107,2,2025-01-06,2025-01-12,112.96713344321283,HistGradientBoosting,2024-12-23,0
SKU10108,2,2025-01-06,2025-01-12,183.74070725892463,HistGradientBoosting,2024-12-23,0
SKU10109,2,2025-01-06,2025-01-12,106.0587945458311,HistGradientBoosting,2024-12-23,0
SKU10110,2,2025-01-06,2025-01-12,55.98077068472442,HistGradientBoosting,2024-12-23,0
SKU10111,2,2025-01-06,2025-01-12,35.994205716556216,HistGradientBoosting,2024-12-23,0
SKU10112,2,2025-01-06,2025-01-12,188.3737219209627,HistGradientBoosting,2024-12-23,0
SKU10113,2,2025-01-06,2025-01-12,18.05240947655761,HistGradientBoosting,2024-12-23,0
SKU10114,2,2025-01-06,2025-01-12,576.7489131887942,HistGradientBoosting,2024-12-23,0
SKU10115,2,2025-01-06,2025-01-12,100.50450760374224,HistGradientBoosting,2024-12-23,0
SKU10116,2,2025-01-06,2025-01-12,16.156968717707493,HistGradientBoosting,2024-12-23,0
SKU10117,2,2025-01-06,2025-01-12,195.59718388454053,HistGradientBoosting,2024-12-23,0
SKU10118,2,2025-01-06,2025-01-12,68.34055059497963,HistGradientBoosting,2024-12-23,0
SKU10119,2,2025-01-06,2025-01-12,107.47562808157565,HistGradientBoosting,2024-12-23,0
SKU10120,2,2025-01-06,2025-01-12,140.4372842847872,HistGradientBoosting,2024-12-23,0
SKU10121,2,2025-01-06,2025-01-12,14.717495450943307,HistGradientBoosting,2024-12-23,0
SKU10122,2,2025-01-06,2025-01-12,45.00501126687979,HistGradientBoosting,2024-12-23,0
SKU10123,2,2025-01-06,2025-01-12,314.2722745809177,HistGradientBoosting,2024-12-23,0
SKU10124,2,2025-01-06,2025-01-12,19.671512687577373,HistGradientBoosting,2024-12-23,0
SKU10125,2,2025-01-06,2025-01-12,57.579242905224355,HistGradientBoosting,2024-12-23,0
SKU10126,2,2025-01-06,2025-01-12,34.49794354801414,HistGradientBoosting,2024-12-23,0
SKU10127,2,2025-01-06,2025-01-12,41.21170717382524,HistGradientBoosting,2024-12-23,0
SKU10128,2,2025-01-06,2025-01-12,55.881073764927166,HistGradientBoosting,2024-12-23,0
SKU10129,2,2025-01-06,2025-01-12,65.0056403410636,HistGradientBoosting,2024-12-23,0
SKU10130,2,2025-01-06,2025-01-12,21.403063711549134,HistGradientBoosting,2024-12-23,0
SKU10131,2,2025-01-06,2025-01-12,114.31277680650855,HistGradientBoosting,2024-12-23,0
SKU10132,2,2025-01-06,2025-01-12,11.570492695352458,HistGradientBoosting,2024-12-23,0
SKU10133,2,2025-01-06,2025-01-12,14.492410387575896,HistGradientBoosting,2024-12-23,0
SKU10134,2,2025-01-06,2025-01-12,12.464078314116637,HistGradientBoosting,2024-12-23,0
SKU10135,2,2025-01-06,2025-01-12,15.403128759067064,HistGradientBoosting,2024-12-23,0
SKU10136,2,2025-01-06,2025-01-12,52.72388333981146,HistGradientBoosting,2024-12-23,0
SKU10137,2,2025-01-06,2025-01-12,73.03075905342484,HistGradientBoosting,2024-12-23,0
SKU10138,2,2025-01-06,2025-01-12,169.74074167334715,HistGradientBoosting,2024-12-23,0
SKU10139,2,2025-01-06,2025-01-12,21.051588569197925,HistGradientBoosting,2024-12-23,0
SKU10140,2,2025-01-06,2025-01-12,192.31713526574714,HistGradientBoosting,2024-12-23,0
SKU10141,2,2025-01-06,2025-01-12,146.32824943573195,HistGradientBoosting,2024-12-23,0
SKU10142,2,2025-01-06,2025-01-12,30.376028169841305,HistGradientBoosting,2024-12-23,0
SKU10143,2,2025-01-06,2025-01-12,333.69674580890904,HistGradientBoosting,2024-12-23,0
SKU10144,2,2025-01-06,2025-01-12,966.4152842329221,HistGradientBoosting,2024-12-23,0
SKU10145,2,2025-01-06,2025-01-12,13.241021581118767,HistGradientBoosting,2024-12-23,0
SKU10146,2,2025-01-06,2025-01-12,29.13850859939925,HistGradientBoosting,2024-12-23,0
SKU10147,2,2025-01-06,2025-01-12,270.9963597057434,HistGradientBoosting,2024-12-23,0
SKU10148,2,2025-01-06,2025-01-12,118.62979664454824,HistGradientBoosting,2024-12-23,0
SKU10149,2,2025-01-06,2025-01-12,13.56163794982781,HistGradientBoosting,2024-12-23,0
SKU10000,3,2025-01-13,2025-01-19,123.13649902327133,HistGradientBoosting,2024-12-23,0
SKU10001,3,2025-01-13,2025-01-19,41.32715041435141,HistGradientBoosting,2024-12-23,0
SKU10002,3,2025-01-13,2025-01-19,166.1099652288142,HistGradientBoosting,2024-12-23,0
SKU10003,3,2025-01-13,2025-01-19,156.63486222550662,HistGradientBoosting,2024-12-23,0
SKU10004,3,2025-01-13,2025-01-19,16.34614539395009,HistGradientBoosting,2024-12-23,0
SKU10005,3,2025-01-13,2025-01-19,20.4307877474368,HistGradientBoosting,2024-12-23,0
SKU10006,3,2025-01-13,2025-01-19,70.44812743197954,HistGradientBoosting,2024-12-23,0
SKU10007,3,2025-01-13,2025-01-19,26.303040001765293,HistGradientBoosting,2024-12-23,0
SKU10008,3,2025-01-13,2025-01-19,22.646275938607015,HistGradientBoosting,2024-12-23,0
SKU10009,3,2025-01-13,2025-01-19,58.31980655796158,HistGradientBoosting,2024-12-23,0
SKU10010,3,2025-01-13,2025-01-19,40.1291533603711,HistGradientBoosting,2024-12-23,0
SKU10011,3,2025-01-13,2025-01-19,57.949106102807576,HistGradientBoosting,2024-12-23,0
SKU10012,3,2025-01-13,2025-01-19,46.86998515241411,HistGradientBoosting,2024-12-23,0
SKU10013,3,2025-01-13,2025-01-19,82.98393137914996,HistGradientBoosting,2024-12-23,0
SKU10014,3,2025-01-13,2025-01-19,50.042467579024624,HistGradientBoosting,2024-12-23,0
SKU10015,3,2025-01-13,2025-01-19,96.21153040443257,HistGradientBoosting,2024-12-23,0
SKU10016,3,2025-01-13,2025-01-19,19.477234229083216,HistGradientBoosting,2024-12-23,0
SKU10017,3,2025-01-13,2025-01-19,108.58770227455955,HistGradientBoosting,2024-12-23,0
SKU10018,3,2025-01-13,2025-01-19,52.04319471343581,HistGradientBoosting,2024-12-23,0
SKU10019,3,2025-01-13,2025-01-19,237.24013512819022,HistGradientBoosting,2024-12-23,0
SKU10020,3,2025-01-13,2025-01-19,54.500572862209744,HistGradientBoosting,2024-12-23,0
SKU10021,3,2025-01-13,2025-01-19,547.6723775224959,HistGradientBoosting,2024-12-23,0
SKU10022,3,2025-01-13,2025-01-19,78.31526186535442,HistGradientBoosting,2024-12-23,0
SKU10023,3,2025-01-13,2025-01-19,15.93186596562705,HistGradientBoosting,2024-12-23,0
SKU10024,3,2025-01-13,2025-01-19,144.35424916367816,HistGradientBoosting,2024-12-23,0
SKU10025,3,2025-01-13,2025-01-19,22.627734381909274,HistGradientBoosting,2024-12-23,0
SKU10026,3,2025-01-13,2025-01-19,29.89194026520325,HistGradientBoosting,2024-12-23,0
SKU10027,3,2025-01-13,2025-01-19,40.28337661370896,HistGradientBoosting,2024-12-23,0
SKU10028,3,2025-01-13,2025-01-19,83.5608838490279,HistGradientBoosting,2024-12-23,0
SKU10029,3,2025-01-13,2025-01-19,80.95467177487404,HistGradientBoosting,2024-12-23,0
SKU10030,3,2025-01-13,2025-01-19,33.92451759792523,HistGradientBoosting,2024-12-23,0
SKU10031,3,2025-01-13,2025-01-19,231.36029366442037,HistGradientBoosting,2024-12-23,0
SKU10032,3,2025-01-13,2025-01-19,17.420636323516785,HistGradientBoosting,2024-12-23,0
SKU10033,3,2025-01-13,2025-01-19,25.007239561539972,HistGradientBoosting,2024-12-23,0
SKU10034,3,2025-01-13,2025-01-19,35.57480252774327,HistGradientBoosting,2024-12-23,0
SKU10035,3,2025-01-13,2025-01-19,13.737160985898146,HistGradientBoosting,2024-12-23,0
SKU10036,3,2025-01-13,2025-01-19,49.01514014988697,HistGradientBoosting,2024-12-23,0
SKU10037,3,2025-01-13,2025-01-19,94.06008553917502,HistGradientBoosting,2024-12-23,0
SKU10038,3,2025-01-13,2025-01-19,51.48341381101953,HistGradientBoosting,2024-12-23,0
SKU10039,3,2025-01-13,2025-01-19,16.74051179213345,HistGradientBoosting,2024-12-23,0
SKU10040,3,2025-01-13,2025-01-19,43.162844746689615,HistGradientBoosting,2024-12-23,0
SKU10041,3,2025-01-13,2025-01-19,10.347520303953292,HistGradientBoosting,2024-12-23,0
SKU10042,3,2025-01-13,2025-01-19,189.76302693079145,HistGradientBoosting,2024-12-23,0
SKU10043,3,2025-01-13,2025-01-19,15.842884473786032,HistGradientBoosting,2024-12-23,0
SKU10044,3,2025-01-13,2025-01-19,60.3905065193841,HistGradientBoosting,2024-12-23,0
SKU10045,3,2025-01-13,2025-01-19,799.1254843488139,HistGradientBoosting,2024-12-23,0
SKU10046,3,2025-01-13,2025-01-19,71.00295097976104,HistGradientBoosting,2024-12-23,0
SKU10047,3,2025-01-13,2025-01-19,261.2435606080491,HistGradientBoosting,2024-12-23,0
SKU10048,3,2025-01-13,2025-01-19,15.019787387467902,HistGradientBoosting,2024-12-23,0
SKU10049,3,2025-01-13,2025-01-19,133.90250285959144,HistGradientBoosting,2024-12-23,0
SKU10050,3,2025-01-13,2025-01-19,52.65012768417167,HistGradientBoosting,2024-12-23,0
SKU10051,3,2025-01-13,2025-01-19,120.81644656811267,HistGradientBoosting,2024-12-23,0
SKU10052,3,2025-01-13,2025-01-19,13.029023235819404,HistGradientBoosting,2024-12-23,0
SKU10053,3,2025-01-13,2025-01-19,13.724167127057799,HistGradientBoosting,2024-12-23,0
SKU10054,3,2025-01-13,2025-01-19,20.90380467842628,HistGradientBoosting,2024-12-23,0
SKU10055,3,2025-01-13,2025-01-19,115.06725498973906,HistGradientBoosting,2024-12-23,0
SKU10056,3,2025-01-13,2025-01-19,202.57394858148942,HistGradientBoosting,2024-12-23,0
SKU10057,3,2025-01-13,2025-01-19,159.788432760027,HistGradientBoosting,2024-12-23,0
SKU10058,3,2025-01-13,2025-01-19,13.166552037370717,HistGradientBoosting,2024-12-23,0
SKU10059,3,2025-01-13,2025-01-19,202.76016724708523,HistGradientBoosting,2024-12-23,0
SKU10060,3,2025-01-13,2025-01-19,51.08763409590905,HistGradientBoosting,2024-12-23,0
SKU10061,3,2025-01-13,2025-01-19,42.14481593495559,HistGradientBoosting,2024-12-23,0
SKU10062,3,2025-01-13,2025-01-19,10.288322414045396,HistGradientBoosting,2024-12-23,0
SKU10063,3,2025-01-13,2025-01-19,108.2558129692362,HistGradientBoosting,2024-12-23,0
SKU10064,3,2025-01-13,2025-01-19,16.25922186178194,HistGradientBoosting,2024-12-23,0
SKU10065,3,2025-01-13,2025-01-19,72.49087190537479,HistGradientBoosting,2024-12-23,0
SKU10066,3,2025-01-13,2025-01-19,205.96589679099037,HistGradientBoosting,2024-12-23,0
SKU10067,3,2025-01-13,2025-01-19,11.615181629044613,HistGradientBoosting,2024-12-23,0
SKU10068,3,2025-01-13,2025-01-19,65.1982189944318,HistGradientBoosting,2024-12-23,0
SKU10069,3,2025-01-13,2025-01-19,23.683246623234982,HistGradientBoosting,2024-12-23,0
SKU10070,3,2025-01-13,2025-01-19,27.224169364223528,HistGradientBoosting,2024-12-23,0
SKU10071,3,2025-01-13,2025-01-19,45.91499789494298,HistGradientBoosting,2024-12-23,0
SKU10072,3,2025-01-13,2025-01-19,25.66217053790732,HistGradientBoosting,2024-12-23,0
SKU10073,3,2025-01-13,2025-01-19,133.1136178026534,HistGradientBoosting,2024-12-23,0
SKU10074,3,2025-01-13,2025-01-19,58.45036719295136,HistGradientBoosting,2024-12-23,0
SKU10075,3,2025-01-13,2025-01-19,57.37460600953974,HistGradientBoosting,2024-12-23,0
SKU10076,3,2025-01-13,2025-01-19,136.65221671332287,HistGradientBoosting,2024-12-23,0
SKU10077,3,2025-01-13,2025-01-19,70.12641757805989,HistGradientBoosting,2024-12-23,0
SKU10078,3,2025-01-13,2025-01-19,57.985525653643265,HistGradientBoosting,2024-12-23,0
SKU10079,3,2025-01-13,2025-01-19,58.500007176782546,HistGradientBoosting,2024-12-23,0
SKU10080,3,2025-01-13,2025-01-19,39.17337247042963,HistGradientBoosting,2024-12-23,0
SKU10081,3,2025-01-13,2025-01-19,30.967646950061663,HistGradientBoosting,2024-12-23,0
SKU10082,3,2025-01-13,2025-01-19,216.94402032329003,HistGradientBoosting,2024-12-23,0
SKU10083,3,2025-01-13,2025-01-19,84.3858261107791,HistGradientBoosting,2024-12-23,0
SKU10084,3,2025-01-13,2025-01-19,15.412544290153798,HistGradientBoosting,2024-12-23,0
SKU10085,3,2025-01-13,2025-01-19,64.25629970094506,HistGradientBoosting,2024-12-23,0
SKU10086,3,2025-01-13,2025-01-19,19.73232120165108,HistGradientBoosting,2024-12-23,0
SKU10087,3,2025-01-13,2025-01-19,306.4307929087338,HistGradientBoosting,2024-12-23,0
SKU10088,3,2025-01-13,2025-01-19,11.93211259205774,HistGradientBoosting,2024-12-23,0
SKU10089,3,2025-01-13,2025-01-19,28.695082904824197,HistGradientBoosting,2024-12-23,0
SKU10090,3,2025-01-13,2025-01-19,27.414645885573936,HistGradientBoosting,2024-12-23,0
SKU10091,3,2025-01-13,2025-01-19,63.87671640426498,HistGradientBoosting,2024-12-23,0
SKU10092,3,2025-01-13,2025-01-19,181.98557912600026,HistGradientBoosting,2024-12-23,0
SKU10093,3,2025-01-13,2025-01-19,27.721405881151604,HistGradientBoosting,2024-12-23,0
SKU10094,3,2025-01-13,2025-01-19,164.7157920117549,HistGradientBoosting,2024-12-23,0
SKU10095,3,2025-01-13,2025-01-19,23.002199520396427,HistGradientBoosting,2024-12-23,0
SKU10096,3,2025-01-13,2025-01-19,198.0786497493868,HistGradientBoosting,2024-12-23,0
SKU10097,3,2025-01-13,2025-01-19,11.457754572727648,HistGradientBoosting,2024-12-23,0
SKU10098,3,2025-01-13,2025-01-19,19.545681636821328,HistGradientBoosting,2024-12-23,0
SKU10099,3,2025-01-13,2025-01-19,104.42335429608505,HistGradientBoosting,2024-12-23,0
SKU10100,3,2025-01-13,2025-01-19,1935.8208066072748,HistGradientBoosting,2024-12-23,0
SKU10101,3,2025-01-13,2025-01-19,232.50898031129807,HistGradientBoosting,2024-12-23,0
SKU10102,3,2025-01-13,2025-01-19,99.03022534358423,HistGradientBoosting,2024-12-23,0
SKU10103,3,2025-01-13,2025-01-19,318.8582062528107,HistGradientBoosting,2024-12-23,0
SKU10104,3,2025-01-13,2025-01-19,8.041140660384135,HistGradientBoosting,2024-12-23,0
SKU10105,3,2025-01-13,2025-01-19,553.7012939639128,HistGradientBoosting,2024-12-23,0
SKU10106,3,2025-01-13,2025-01-19,46.80348288785216,HistGradientBoosting,2024-12-23,0
SKU10107,3,2025-01-13,2025-01-19,117.0190873245591,HistGradientBoosting,2024-12-23,0
SKU10108,3,2025-01-13,2025-01-19,176.60517898316365,HistGradientBoosting,2024-12-23,0
SKU10109,3,2025-01-13,2025-01-19,109.47433840539553,HistGradientBoosting,2024-12-23,0
SKU10110,3,2025-01-13,2025-01-19,62.02198206344918,HistGradientBoosting,2024-12-23,0
SKU10111,3,2025-01-13,2025-01-19,60.469090349380046,HistGradientBoosting,2024-12-23,0
SKU10112,3,2025-01-13,2025-01-19,197.31574536023663,HistGradientBoosting,2024-12-23,0
SKU10113,3,2025-01-13,2025-01-19,16.549068914444764,HistGradientBoosting,2024-12-23,0
SKU10114,3,2025-01-13,2025-01-19,545.4787074199312,HistGradientBoosting,2024-12-23,0
SKU10115,3,2025-01-13,2025-01-19,113.74572598824793,HistGradientBoosting,2024-12-23,0
SKU10116,3,2025-01-13,2025-01-19,15.434163570537546,HistGradientBoosting,2024-12-23,0
SKU10117,3,2025-01-13,2025-01-19,194.8782316049777,HistGradientBoosting,2024-12-23,0
SKU10118,3,2025-01-13,2025-01-19,67.10361505866454,HistGradientBoosting,2024-12-23,0
SKU10119,3,2025-01-13,2025-01-19,92.1757986647287,HistGradientBoosting,2024-12-23,0
SKU10120,3,2025-01-13,2025-01-19,149.63408712708147,HistGradientBoosting,2024-12-23,0
SKU10121,3,2025-01-13,2025-01-19,14.873314855694106,HistGradientBoosting,2024-12-23,0
SKU10122,3,2025-01-13,2025-01-19,43.07700675526533,HistGradientBoosting,2024-12-23,0
SKU10123,3,2025-01-13,2025-01-19,322.4987772588926,HistGradientBoosting,2024-12-23,0
SKU10124,3,2025-01-13,2025-01-19,23.53282631605425,HistGradientBoosting,2024-12-23,0
SKU10125,3,2025-01-13,2025-01-19,66.05776504597097,HistGradientBoosting,2024-12-23,0
SKU10126,3,2025-01-13,2025-01-19,40.993115598958866,HistGradientBoosting,2024-12-23,0
SKU10127,3,2025-01-13,2025-01-19,55.90683379251717,HistGradientBoosting,2024-12-23,0
SKU10128,3,2025-01-13,2025-01-19,50.77271191312986,HistGradientBoosting,2024-12-23,0
SKU10129,3,2025-01-13,2025-01-19,60.18564936722261,HistGradientBoosting,2024-12-23,0
SKU10130,3,2025-01-13,2025-01-19,23.275457055840786,HistGradientBoosting,2024-12-23,0
SKU10131,3,2025-01-13,2025-01-19,116.01754755463685,HistGradientBoosting,2024-12-23,0
SKU10132,3,2025-01-13,2025-01-19,14.079190150188587,HistGradientBoosting,2024-12-23,0
SKU10133,3,2025-01-13,2025-01-19,17.06586952075633,HistGradientBoosting,2024-12-23,0
SKU10134,3,2025-01-13,2025-01-19,13.47889983957387,HistGradientBoosting,2024-12-23,0
SKU10135,3,2025-01-13,2025-01-19,15.755640889429161,HistGradientBoosting,2024-12-23,0
SKU10136,3,2025-01-13,2025-01-19,50.645089285735686,HistGradientBoosting,2024-12-23,0
SKU10137,3,2025-01-13,2025-01-19,59.38908053693166,HistGradientBoosting,2024-12-23,0
SKU10138,3,2025-01-13,2025-01-19,169.2183761833125,HistGradientBoosting,2024-12-23,0
SKU10139,3,2025-01-13,2025-01-19,17.393766914641844,HistGradientBoosting,2024-12-23,0
SKU10140,3,2025-01-13,2025-01-19,208.9004598411995,HistGradientBoosting,2024-12-23,0
SKU10141,3,2025-01-13,2025-01-19,162.95397775346493,HistGradientBoosting,2024-12-23,0
SKU10142,3,2025-01-13,2025-01-19,17.485917780033688,HistGradientBoosting,2024-12-23,0
SKU10143,3,2025-01-13,2025-01-19,339.22569678377175,HistGradientBoosting,2024-12-23,0
SKU10144,3,2025-01-13,2025-01-19,952.8049636183404,HistGradientBoosting,2024-12-23,0
SKU10145,3,2025-01-13,2025-01-19,18.728454118201405,HistGradientBoosting,2024-12-23,0
SKU10146,3,2025-01-13,2025-01-19,35.36969659836278,HistGradientBoosting,2024-12-23,0
SKU10147,3,2025-01-13,2025-01-19,270.32597069838675,HistGradientBoosting,2024-12-23,0
SKU10148,3,2025-01-13,2025-01-19,117.53653689548692,HistGradientBoosting,2024-12-23,0
SKU10149,3,2025-01-13,2025-01-19,12.489816283395161,HistGradientBoosting,2024-12-23,0
SKU10000,4,2025-01-20,2025-01-26,143.460440726247,HistGradientBoosting,2024-12-23,0
SKU10001,4,2025-01-20,2025-01-26,41.917404796412725,HistGradientBoosting,2024-12-23,0
SKU10002,4,2025-01-20,2025-01-26,177.74513825498903,HistGradientBoosting,2024-12-23,0
SKU10003,4,2025-01-20,2025-01-26,160.62431196847527,HistGradientBoosting,2024-12-23,0
SKU10004,4,2025-01-20,2025-01-26,19.979936270977436,HistGradientBoosting,2024-12-23,0
SKU10005,4,2025-01-20,2025-01-26,16.181823231942914,HistGradientBoosting,2024-12-23,0
SKU10006,4,2025-01-20,2025-01-26,68.54596632059894,HistGradientBoosting,2024-12-23,0
SKU10007,4,2025-01-20,2025-01-26,41.35830152871197,HistGradientBoosting,2024-12-23,0
SKU10008,4,2025-01-20,2025-01-26,20.37448068065529,HistGradientBoosting,2024-12-23,0
SKU10009,4,2025-01-20,2025-01-26,63.435618947484585,HistGradientBoosting,2024-12-23,0
SKU10010,4,2025-01-20,2025-01-26,30.63300357403002,HistGradientBoosting,2024-12-23,0
SKU10011,4,2025-01-20,2025-01-26,64.5780385305682,HistGradientBoosting,2024-12-23,0
SKU10012,4,2025-01-20,2025-01-26,39.47534914428171,HistGradientBoosting,2024-12-23,0
SKU10013,4,2025-01-20,2025-01-26,84.35871124439902,HistGradientBoosting,2024-12-23,0
SKU10014,4,2025-01-20,2025-01-26,42.94357755032995,HistGradientBoosting,2024-12-23,0
SKU10015,4,2025-01-20,2025-01-26,98.88525645334754,HistGradientBoosting,2024-12-23,0
SKU10016,4,2025-01-20,2025-01-26,13.922129947885654,HistGradientBoosting,2024-12-23,0
SKU10017,4,2025-01-20,2025-01-26,101.20002283130152,HistGradientBoosting,2024-12-23,0
SKU10018,4,2025-01-20,2025-01-26,52.45746635111993,HistGradientBoosting,2024-12-23,0
SKU10019,4,2025-01-20,2025-01-26,201.8400076568017,HistGradientBoosting,2024-12-23,0
SKU10020,4,2025-01-20,2025-01-26,49.9368120045497,HistGradientBoosting,2024-12-23,0
SKU10021,4,2025-01-20,2025-01-26,560.5023056641852,HistGradientBoosting,2024-12-23,0
SKU10022,4,2025-01-20,2025-01-26,69.01128770411637,HistGradientBoosting,2024-12-23,0
SKU10023,4,2025-01-20,2025-01-26,12.816098890912366,HistGradientBoosting,2024-12-23,0
SKU10024,4,2025-01-20,2025-01-26,133.9871384551042,HistGradientBoosting,2024-12-23,0
SKU10025,4,2025-01-20,2025-01-26,29.566130440567974,HistGradientBoosting,2024-12-23,0
SKU10026,4,2025-01-20,2025-01-26,35.02832776450224,HistGradientBoosting,2024-12-23,0
SKU10027,4,2025-01-20,2025-01-26,42.92334925233816,HistGradientBoosting,2024-12-23,0
SKU10028,4,2025-01-20,2025-01-26,82.53354963253751,HistGradientBoosting,2024-12-23,0
SKU10029,4,2025-01-20,2025-01-26,63.934737076687334,HistGradientBoosting,2024-12-23,0
SKU10030,4,2025-01-20,2025-01-26,49.752795626969714,HistGradientBoosting,2024-12-23,0
SKU10031,4,2025-01-20,2025-01-26,245.90112966797523,HistGradientBoosting,2024-12-23,0
SKU10032,4,2025-01-20,2025-01-26,24.361147549097716,HistGradientBoosting,2024-12-23,0
SKU10033,4,2025-01-20,2025-01-26,24.57327790767306,HistGradientBoosting,2024-12-23,0
SKU10034,4,2025-01-20,2025-01-26,44.68701161594794,HistGradientBoosting,2024-12-23,0
SKU10035,4,2025-01-20,2025-01-26,13.416311221454437,HistGradientBoosting,2024-12-23,0
SKU10036,4,2025-01-20,2025-01-26,72.22415710477011,HistGradientBoosting,2024-12-23,0
SKU10037,4,2025-01-20,2025-01-26,131.1242520590669,HistGradientBoosting,2024-12-23,0
SKU10038,4,2025-01-20,2025-01-26,48.59233904906403,HistGradientBoosting,2024-12-23,0
SKU10039,4,2025-01-20,2025-01-26,21.42500012512003,HistGradientBoosting,2024-12-23,0
SKU10040,4,2025-01-20,2025-01-26,43.97034337256711,HistGradientBoosting,2024-12-23,0
SKU10041,4,2025-01-20,2025-01-26,10.739832140426309,HistGradientBoosting,2024-12-23,0
SKU10042,4,2025-01-20,2025-01-26,178.13304029299138,HistGradientBoosting,2024-12-23,0
SKU10043,4,2025-01-20,2025-01-26,13.697734636325416,HistGradientBoosting,2024-12-23,0
SKU10044,4,2025-01-20,2025-01-26,63.64273687707897,HistGradientBoosting,2024-12-23,0
SKU10045,4,2025-01-20,2025-01-26,726.7708390822369,HistGradientBoosting,2024-12-23,0
SKU10046,4,2025-01-20,2025-01-26,61.21169647846197,HistGradientBoosting,2024-12-23,0
SKU10047,4,2025-01-20,2025-01-26,285.3647929341111,HistGradientBoosting,2024-12-23,0
SKU10048,4,2025-01-20,2025-01-26,27.216418900407437,HistGradientBoosting,2024-12-23,0
SKU10049,4,2025-01-20,2025-01-26,146.91389000928652,HistGradientBoosting,2024-12-23,0
SKU10050,4,2025-01-20,2025-01-26,46.74590489283661,HistGradientBoosting,2024-12-23,0
SKU10051,4,2025-01-20,2025-01-26,96.00503204014916,HistGradientBoosting,2024-12-23,0
SKU10052,4,2025-01-20,2025-01-26,12.733910809051068,HistGradientBoosting,2024-12-23,0
SKU10053,4,2025-01-20,2025-01-26,17.02919410827512,HistGradientBoosting,2024-12-23,0
SKU10054,4,2025-01-20,2025-01-26,28.71957075423737,HistGradientBoosting,2024-12-23,0
SKU10055,4,2025-01-20,2025-01-26,105.00692162026785,HistGradientBoosting,2024-12-23,0
SKU10056,4,2025-01-20,2025-01-26,195.20050783422346,HistGradientBoosting,2024-12-23,0
SKU10057,4,2025-01-20,2025-01-26,170.84554451253564,HistGradientBoosting,2024-12-23,0
SKU10058,4,2025-01-20,2025-01-26,17.53148119568385,HistGradientBoosting,2024-12-23,0
SKU10059,4,2025-01-20,2025-01-26,203.7859945536211,HistGradientBoosting,2024-12-23,0
SKU10060,4,2025-01-20,2025-01-26,43.19216542081451,HistGradientBoosting,2024-12-23,0
SKU10061,4,2025-01-20,2025-01-26,39.37175565294453,HistGradientBoosting,2024-12-23,0
SKU10062,4,2025-01-20,2025-01-26,11.676803884768104,HistGradientBoosting,2024-12-23,0
SKU10063,4,2025-01-20,2025-01-26,109.77519213692503,HistGradientBoosting,2024-12-23,0
SKU10064,4,2025-01-20,2025-01-26,19.870831608843567,HistGradientBoosting,2024-12-23,0
SKU10065,4,2025-01-20,2025-01-26,76.6965568049774,HistGradientBoosting,2024-12-23,0
SKU10066,4,2025-01-20,2025-01-26,204.7621687269075,HistGradientBoosting,2024-12-23,0
SKU10067,4,2025-01-20,2025-01-26,15.664997508263369,HistGradientBoosting,2024-12-23,0
SKU10068,4,2025-01-20,2025-01-26,39.24441272643603,HistGradientBoosting,2024-12-23,0
SKU10069,4,2025-01-20,2025-01-26,22.480600979829035,HistGradientBoosting,2024-12-23,0
SKU10070,4,2025-01-20,2025-01-26,44.06976958313582,HistGradientBoosting,2024-12-23,0
SKU10071,4,2025-01-20,2025-01-26,47.85929241044064,HistGradientBoosting,2024-12-23,0
SKU10072,4,2025-01-20,2025-01-26,30.124543751216013,HistGradientBoosting,2024-12-23,0
SKU10073,4,2025-01-20,2025-01-26,115.86177095435978,HistGradientBoosting,2024-12-23,0
SKU10074,4,2025-01-20,2025-01-26,59.17514173973294,HistGradientBoosting,2024-12-23,0
SKU10075,4,2025-01-20,2025-01-26,58.99176511921748,HistGradientBoosting,2024-12-23,0
SKU10076,4,2025-01-20,2025-01-26,136.90641958138914,HistGradientBoosting,2024-12-23,0
SKU10077,4,2025-01-20,2025-01-26,76.67970858245549,HistGradientBoosting,2024-12-23,0
SKU10078,4,2025-01-20,2025-01-26,55.765429583455635,HistGradientBoosting,2024-12-23,0
SKU10079,4,2025-01-20,2025-01-26,61.00724106915299,HistGradientBoosting,2024-12-23,0
SKU10080,4,2025-01-20,2025-01-26,47.09161785878557,HistGradientBoosting,2024-12-23,0
SKU10081,4,2025-01-20,2025-01-26,41.20063067121411,HistGradientBoosting,2024-12-23,0
SKU10082,4,2025-01-20,2025-01-26,207.51528493912693,HistGradientBoosting,2024-12-23,0
SKU10083,4,2025-01-20,2025-01-26,81.24687269569148,HistGradientBoosting,2024-12-23,0
SKU10084,4,2025-01-20,2025-01-26,19.944499954107084,HistGradientBoosting,2024-12-23,0
SKU10085,4,2025-01-20,2025-01-26,63.52481880537507,HistGradientBoosting,2024-12-23,0
SKU10086,4,2025-01-20,2025-01-26,28.192349874487707,HistGradientBoosting,2024-12-23,0
SKU10087,4,2025-01-20,2025-01-26,291.13903516512744,HistGradientBoosting,2024-12-23,0
SKU10088,4,2025-01-20,2025-01-26,14.282342477699617,HistGradientBoosting,2024-12-23,0
SKU10089,4,2025-01-20,2025-01-26,42.4504935183371,HistGradientBoosting,2024-12-23,0
SKU10090,4,2025-01-20,2025-01-26,29.604798857178157,HistGradientBoosting,2024-12-23,0
SKU10091,4,2025-01-20,2025-01-26,52.117949160584885,HistGradientBoosting,2024-12-23,0
SKU10092,4,2025-01-20,2025-01-26,193.73222848528602,HistGradientBoosting,2024-12-23,0
SKU10093,4,2025-01-20,2025-01-26,41.14608556084677,HistGradientBoosting,2024-12-23,0
SKU10094,4,2025-01-20,2025-01-26,159.1564458090908,HistGradientBoosting,2024-12-23,0
SKU10095,4,2025-01-20,2025-01-26,28.02368456887227,HistGradientBoosting,2024-12-23,0
SKU10096,4,2025-01-20,2025-01-26,192.5818658245898,HistGradientBoosting,2024-12-23,0
SKU10097,4,2025-01-20,2025-01-26,14.845473200887792,HistGradientBoosting,2024-12-23,0
SKU10098,4,2025-01-20,2025-01-26,17.605465600851815,HistGradientBoosting,2024-12-23,0
SKU10099,4,2025-01-20,2025-01-26,95.88709619108224,HistGradientBoosting,2024-12-23,0
SKU10100,4,2025-01-20,2025-01-26,1935.8208066072748,HistGradientBoosting,2024-12-23,0
SKU10101,4,2025-01-20,2025-01-26,233.06951635799538,HistGradientBoosting,2024-12-23,0
SKU10102,4,2025-01-20,2025-01-26,62.46325352764496,HistGradientBoosting,2024-12-23,0
SKU10103,4,2025-01-20,2025-01-26,320.4466077515267,HistGradientBoosting,2024-12-23,0
SKU10104,4,2025-01-20,2025-01-26,10.01296627334785,HistGradientBoosting,2024-12-23,0
SKU10105,4,2025-01-20,2025-01-26,548.9673035280008,HistGradientBoosting,2024-12-23,0
SKU10106,4,2025-01-20,2025-01-26,51.27425152499689,HistGradientBoosting,2024-12-23,0
SKU10107,4,2025-01-20,2025-01-26,115.84893109308842,HistGradientBoosting,2024-12-23,0
SKU10108,4,2025-01-20,2025-01-26,199.97901345353483,HistGradientBoosting,2024-12-23,0
SKU10109,4,2025-01-20,2025-01-26,116.13065113700223,HistGradientBoosting,2024-12-23,0
SKU10110,4,2025-01-20,2025-01-26,74.4250588545985,HistGradientBoosting,2024-12-23,0
SKU10111,4,2025-01-20,2025-01-26,54.71873773603562,HistGradientBoosting,2024-12-23,0
SKU10112,4,2025-01-20,2025-01-26,192.72240457960163,HistGradientBoosting,2024-12-23,0
SKU10113,4,2025-01-20,2025-01-26,20.360296029989705,HistGradientBoosting,2024-12-23,0
SKU10114,4,2025-01-20,2025-01-26,552.4667833776463,HistGradientBoosting,2024-12-23,0
SKU10115,4,2025-01-20,2025-01-26,120.80614190422709,HistGradientBoosting,2024-12-23,0
SKU10116,4,2025-01-20,2025-01-26,19.98429376989369,HistGradientBoosting,2024-12-23,0
SKU10117,4,2025-01-20,2025-01-26,201.6367758260568,HistGradientBoosting,2024-12-23,0
SKU10118,4,2025-01-20,2025-01-26,76.5440118697113,HistGradientBoosting,2024-12-23,0
SKU10119,4,2025-01-20,2025-01-26,102.19126668004097,HistGradientBoosting,2024-12-23,0
SKU10120,4,2025-01-20,2025-01-26,155.47513087561126,HistGradientBoosting,2024-12-23,0
SKU10121,4,2025-01-20,2025-01-26,14.18837268122858,HistGradientBoosting,2024-12-23,0
SKU10122,4,2025-01-20,2025-01-26,58.17361678465065,HistGradientBoosting,2024-12-23,0
SKU10123,4,2025-01-20,2025-01-26,360.3072492339451,HistGradientBoosting,2024-12-23,0
SKU10124,4,2025-01-20,2025-01-26,27.815725720236586,HistGradientBoosting,2024-12-23,0
SKU10125,4,2025-01-20,2025-01-26,56.14080402518119,HistGradientBoosting,2024-12-23,0
SKU10126,4,2025-01-20,2025-01-26,53.205604513528286,HistGradientBoosting,2024-12-23,0
SKU10127,4,2025-01-20,2025-01-26,46.674613277033416,HistGradientBoosting,2024-12-23,0
SKU10128,4,2025-01-20,2025-01-26,51.209552629960676,HistGradientBoosting,2024-12-23,0
SKU10129,4,2025-01-20,2025-01-26,65.34178284423393,HistGradientBoosting,2024-12-23,0
SKU10130,4,2025-01-20,2025-01-26,24.528243650221548,HistGradientBoosting,2024-12-23,0
SKU10131,4,2025-01-20,2025-01-26,100.89252264732391,HistGradientBoosting,2024-12-23,0
SKU10132,4,2025-01-20,2025-01-26,12.211219379318305,HistGradientBoosting,2024-12-23,0
SKU10133,4,2025-01-20,2025-01-26,15.697222340862817,HistGradientBoosting,2024-12-23,0
SKU10134,4,2025-01-20,2025-01-26,13.684133493384408,HistGradientBoosting,2024-12-23,0
SKU10135,4,2025-01-20,2025-01-26,14.148006085354037,HistGradientBoosting,2024-12-23,0
SKU10136,4,2025-01-20,2025-01-26,57.361457581328146,HistGradientBoosting,2024-12-23,0
SKU10137,4,2025-01-20,2025-01-26,77.5427259956803,HistGradientBoosting,2024-12-23,0
SKU10138,4,2025-01-20,2025-01-26,164.37473940834533,HistGradientBoosting,2024-12-23,0
SKU10139,4,2025-01-20,2025-01-26,30.08691761503881,HistGradientBoosting,2024-12-23,0
SKU10140,4,2025-01-20,2025-01-26,211.67957227983146,HistGradientBoosting,2024-12-23,0
SKU10141,4,2025-01-20,2025-01-26,146.26420300149775,HistGradientBoosting,2024-12-23,0
SKU10142,4,2025-01-20,2025-01-26,34.02118312502376,HistGradientBoosting,2024-12-23,0
SKU10143,4,2025-01-20,2025-01-26,320.6391485362023,HistGradientBoosting,2024-12-23,0
SKU10144,4,2025-01-20,2025-01-26,952.8049636183404,HistGradientBoosting,2024-12-23,0
SKU10145,4,2025-01-20,2025-01-26,13.304823400463858,HistGradientBoosting,2024-12-23,0
SKU10146,4,2025-01-20,2025-01-26,37.9724686552305,HistGradientBoosting,2024-12-23,0
SKU10147,4,2025-01-20,2025-01-26,279.6878077533333,HistGradientBoosting,2024-12-23,0
SKU10148,4,2025-01-20,2025-01-26,139.1729272300065,HistGradientBoosting,2024-12-23,0
SKU10149,4,2025-01-20,2025-01-26,12.928309668769703,HistGradientBoosting,2024-12-23,0
SKU10000,5,2025-01-27,2025-02-02,141.9622905380033,HistGradientBoosting,2024-12-23,0
SKU10001,5,2025-01-27,2025-02-02,42.3554748422608,HistGradientBoosting,2024-12-23,0
SKU10002,5,2025-01-27,2025-02-02,181.06958124264133,HistGradientBoosting,2024-12-23,0
SKU10003,5,2025-01-27,2025-02-02,147.37889233489216,HistGradientBoosting,2024-12-23,0
SKU10004,5,2025-01-27,2025-02-02,18.941584809285143,HistGradientBoosting,2024-12-23,0
SKU10005,5,2025-01-27,2025-02-02,19.44168301748675,HistGradientBoosting,2024-12-23,0
SKU10006,5,2025-01-27,2025-02-02,69.18171842455511,HistGradientBoosting,2024-12-23,0
SKU10007,5,2025-01-27,2025-02-02,36.18616183645822,HistGradientBoosting,2024-12-23,0
SKU10008,5,2025-01-27,2025-02-02,30.3580150940374,HistGradientBoosting,2024-12-23,0
SKU10009,5,2025-01-27,2025-02-02,59.75362502316338,HistGradientBoosting,2024-12-23,0
SKU10010,5,2025-01-27,2025-02-02,31.65960529735304,HistGradientBoosting,2024-12-23,0
SKU10011,5,2025-01-27,2025-02-02,71.04291988900198,HistGradientBoosting,2024-12-23,0
SKU10012,5,2025-01-27,2025-02-02,46.89470329667891,HistGradientBoosting,2024-12-23,0
SKU10013,5,2025-01-27,2025-02-02,80.66296881651103,HistGradientBoosting,2024-12-23,0
SKU10014,5,2025-01-27,2025-02-02,52.05216116222421,HistGradientBoosting,2024-12-23,0
SKU10015,5,2025-01-27,2025-02-02,109.85626957542232,HistGradientBoosting,2024-12-23,0
SKU10016,5,2025-01-27,2025-02-02,21.291662802972407,HistGradientBoosting,2024-12-23,0
SKU10017,5,2025-01-27,2025-02-02,103.02373737952172,HistGradientBoosting,2024-12-23,0
SKU10018,5,2025-01-27,2025-02-02,75.70539827652857,HistGradientBoosting,2024-12-23,0
SKU10019,5,2025-01-27,2025-02-02,226.7981856297171,HistGradientBoosting,2024-12-23,0
SKU10020,5,2025-01-27,2025-02-02,67.38573578091146,HistGradientBoosting,2024-12-23,0
SKU10021,5,2025-01-27,2025-02-02,505.10555860390883,HistGradientBoosting,2024-12-23,0
SKU10022,5,2025-01-27,2025-02-02,103.05460577988318,HistGradientBoosting,2024-12-23,0
SKU10023,5,2025-01-27,2025-02-02,13.762575438092876,HistGradientBoosting,2024-12-23,0
SKU10024,5,2025-01-27,2025-02-02,143.922187355184,HistGradientBoosting,2024-12-23,0
SKU10025,5,2025-01-27,2025-02-02,27.736157838990778,HistGradientBoosting,2024-12-23,0
SKU10026,5,2025-01-27,2025-02-02,43.493687630724104,HistGradientBoosting,2024-12-23,0
SKU10027,5,2025-01-27,2025-02-02,44.05793751837831,HistGradientBoosting,2024-12-23,0
SKU10028,5,2025-01-27,2025-02-02,79.09079142234714,HistGradientBoosting,2024-12-23,0
SKU10029,5,2025-01-27,2025-02-02,75.07189370462986,HistGradientBoosting,2024-12-23,0
SKU10030,5,2025-01-27,2025-02-02,39.15110764892257,HistGradientBoosting,2024-12-23,0
SKU10031,5,2025-01-27,2025-02-02,238.26635878362958,HistGradientBoosting,2024-12-23,0
SKU10032,5,2025-01-27,2025-02-02,24.458546279356998,HistGradientBoosting,2024-12-23,0
SKU10033,5,2025-01-27,2025-02-02,25.11162522372641,HistGradientBoosting,2024-12-23,0
SKU10034,5,2025-01-27,2025-02-02,44.96955185094777,HistGradientBoosting,2024-12-23,0
SKU10035,5,2025-01-27,2025-02-02,14.18504540642227,HistGradientBoosting,2024-12-23,0
SKU10036,5,2025-01-27,2025-02-02,73.95551168844844,HistGradientBoosting,2024-12-23,0
SKU10037,5,2025-01-27,2025-02-02,115.54429983639153,HistGradientBoosting,2024-12-23,0
SKU10038,5,2025-01-27,2025-02-02,55.346155171856886,HistGradientBoosting,2024-12-23,0
SKU10039,5,2025-01-27,2025-02-02,21.53368645771315,HistGradientBoosting,2024-12-23,0
SKU10040,5,2025-01-27,2025-02-02,47.81869217043483,HistGradientBoosting,2024-12-23,0
SKU10041,5,2025-01-27,2025-02-02,11.079271561398178,HistGradientBoosting,2024-12-23,0
SKU10042,5,2025-01-27,2025-02-02,188.78617935184533,HistGradientBoosting,2024-12-23,0
SKU10043,5,2025-01-27,2025-02-02,16.085204083328055,HistGradientBoosting,2024-12-23,0
SKU10044,5,2025-01-27,2025-02-02,68.27107201608962,HistGradientBoosting,2024-12-23,0
SKU10045,5,2025-01-27,2025-02-02,623.2390612938277,HistGradientBoosting,2024-12-23,0
SKU10046,5,2025-01-27,2025-02-02,80.61915847274489,HistGradientBoosting,2024-12-23,0
SKU10047,5,2025-01-27,2025-02-02,235.42834208112498,HistGradientBoosting,2024-12-23,0
SKU10048,5,2025-01-27,2025-02-02,18.25889906256408,HistGradientBoosting,2024-12-23,0
SKU10049,5,2025-01-27,2025-02-02,130.75473906080194,HistGradientBoosting,2024-12-23,0
SKU10050,5,2025-01-27,2025-02-02,49.91746270554334,HistGradientBoosting,2024-12-23,0
SKU10051,5,2025-01-27,2025-02-02,134.52950484561907,HistGradientBoosting,2024-12-23,0
SKU10052,5,2025-01-27,2025-02-02,15.34500952034752,HistGradientBoosting,2024-12-23,0
SKU10053,5,2025-01-27,2025-02-02,16.8087703205982,HistGradientBoosting,2024-12-23,0
SKU10054,5,2025-01-27,2025-02-02,34.30858767376163,HistGradientBoosting,2024-12-23,0
SKU10055,5,2025-01-27,2025-02-02,102.488636407272,HistGradientBoosting,2024-12-23,0
SKU10056,5,2025-01-27,2025-02-02,197.86118464885251,HistGradientBoosting,2024-12-23,0
SKU10057,5,2025-01-27,2025-02-02,173.6666315969993,HistGradientBoosting,2024-12-23,0
SKU10058,5,2025-01-27,2025-02-02,19.316740189409835,HistGradientBoosting,2024-12-23,0
SKU10059,5,2025-01-27,2025-02-02,203.1849782244814,HistGradientBoosting,2024-12-23,0
SKU10060,5,2025-01-27,2025-02-02,55.70313085176663,HistGradientBoosting,2024-12-23,0
SKU10061,5,2025-01-27,2025-02-02,49.725255846338555,HistGradientBoosting,2024-12-23,0
SKU10062,5,2025-01-27,2025-02-02,10.436291155262095,HistGradientBoosting,2024-12-23,0
SKU10063,5,2025-01-27,2025-02-02,109.88906760604603,HistGradientBoosting,2024-12-23,0
SKU10064,5,2025-01-27,2025-02-02,18.848425939865926,HistGradientBoosting,2024-12-23,0
SKU10065,5,2025-01-27,2025-02-02,96.92250297553562,HistGradientBoosting,2024-12-23,0
SKU10066,5,2025-01-27,2025-02-02,208.69674039598746,HistGradientBoosting,2024-12-23,0
SKU10067,5,2025-01-27,2025-02-02,15.954263695468553,HistGradientBoosting,2024-12-23,0
SKU10068,5,2025-01-27,2025-02-02,55.86728192172875,HistGradientBoosting,2024-12-23,0
SKU10069,5,2025-01-27,2025-02-02,20.17934662788917,HistGradientBoosting,2024-12-23,0
SKU10070,5,2025-01-27,2025-02-02,44.996579687702415,HistGradientBoosting,2024-12-23,0
SKU10071,5,2025-01-27,2025-02-02,68.27417908477736,HistGradientBoosting,2024-12-23,0
SKU10072,5,2025-01-27,2025-02-02,33.28680174682697,HistGradientBoosting,2024-12-23,0
SKU10073,5,2025-01-27,2025-02-02,121.31831208826661,HistGradientBoosting,2024-12-23,0
SKU10074,5,2025-01-27,2025-02-02,100.12743869667574,HistGradientBoosting,2024-12-23,0
SKU10075,5,2025-01-27,2025-02-02,71.51118601054834,HistGradientBoosting,2024-12-23,0
SKU10076,5,2025-01-27,2025-02-02,137.8943793489656,HistGradientBoosting,2024-12-23,0
SKU10077,5,2025-01-27,2025-02-02,83.18152373024373,HistGradientBoosting,2024-12-23,0
SKU10078,5,2025-01-27,2025-02-02,57.252853864555824,HistGradientBoosting,2024-12-23,0
SKU10079,5,2025-01-27,2025-02-02,58.14553640101979,HistGradientBoosting,2024-12-23,0
SKU10080,5,2025-01-27,2025-02-02,51.10812846920031,HistGradientBoosting,2024-12-23,0
SKU10081,5,2025-01-27,2025-02-02,43.40484388299602,HistGradientBoosting,2024-12-23,0
SKU10082,5,2025-01-27,2025-02-02,220.43435489757692,HistGradientBoosting,2024-12-23,0
SKU10083,5,2025-01-27,2025-02-02,99.95959516400158,HistGradientBoosting,2024-12-23,0
SKU10084,5,2025-01-27,2025-02-02,17.466616629037915,HistGradientBoosting,2024-12-23,0
SKU10085,5,2025-01-27,2025-02-02,64.20669701507418,HistGradientBoosting,2024-12-23,0
SKU10086,5,2025-01-27,2025-02-02,30.78109850123868,HistGradientBoosting,2024-12-23,0
SKU10087,5,2025-01-27,2025-02-02,257.0273568824386,HistGradientBoosting,2024-12-23,0
SKU10088,5,2025-01-27,2025-02-02,18.6832938413633,HistGradientBoosting,2024-12-23,0
SKU10089,5,2025-01-27,2025-02-02,30.13665323806891,HistGradientBoosting,2024-12-23,0
SKU10090,5,2025-01-27,2025-02-02,36.01776493937261,HistGradientBoosting,2024-12-23,0
SKU10091,5,2025-01-27,2025-02-02,69.48457971935471,HistGradientBoosting,2024-12-23,0
SKU10092,5,2025-01-27,2025-02-02,205.05864435032169,HistGradientBoosting,2024-12-23,0
SKU10093,5,2025-01-27,2025-02-02,32.05044371154524,HistGradientBoosting,2024-12-23,0
SKU10094,5,2025-01-27,2025-02-02,184.47337210633958,HistGradientBoosting,2024-12-23,0
SKU10095,5,2025-01-27,2025-02-02,28.434235939742738,HistGradientBoosting,2024-12-23,0
SKU10096,5,2025-01-27,2025-02-02,180.24513819879297,HistGradientBoosting,2024-12-23,0
SKU10097,5,2025-01-27,2025-02-02,15.173411129138934,HistGradientBoosting,2024-12-23,0
SKU10098,5,2025-01-27,2025-02-02,25.284186099797406,HistGradientBoosting,2024-12-23,0
SKU10099,5,2025-01-27,2025-02-02,111.81311654339775,HistGradientBoosting,2024-12-23,0
SKU10100,5,2025-01-27,2025-02-02,1941.7570538601515,HistGradientBoosting,2024-12-23,0
SKU10101,5,2025-01-27,2025-02-02,234.12711348444884,HistGradientBoosting,2024-12-23,0
SKU10102,5,2025-01-27,2025-02-02,85.71534425291726,HistGradientBoosting,2024-12-23,0
SKU10103,5,2025-01-27,2025-02-02,265.0716434790141,HistGradientBoosting,2024-12-23,0
SKU10104,5,2025-01-27,2025-02-02,13.224601333256441,HistGradientBoosting,2024-12-23,0
SKU10105,5,2025-01-27,2025-02-02,538.2870461078453,HistGradientBoosting,2024-12-23,0
SKU10106,5,2025-01-27,2025-02-02,54.696966515385746,HistGradientBoosting,2024-12-23,0
SKU10107,5,2025-01-27,2025-02-02,123.21536000042921,HistGradientBoosting,2024-12-23,0
SKU10108,5,2025-01-27,2025-02-02,188.3449236763096,HistGradientBoosting,2024-12-23,0
SKU10109,5,2025-01-27,2025-02-02,115.1536929359356,HistGradientBoosting,2024-12-23,0
SKU10110,5,2025-01-27,2025-02-02,71.92124379684682,HistGradientBoosting,2024-12-23,0
SKU10111,5,2025-01-27,2025-02-02,62.697803730929444,HistGradientBoosting,2024-12-23,0
SKU10112,5,2025-01-27,2025-02-02,193.49893220780658,HistGradientBoosting,2024-12-23,0
SKU10113,5,2025-01-27,2025-02-02,22.695587975468502,HistGradientBoosting,2024-12-23,0
SKU10114,5,2025-01-27,2025-02-02,506.23224546806625,HistGradientBoosting,2024-12-23,0
SKU10115,5,2025-01-27,2025-02-02,127.68610292334505,HistGradientBoosting,2024-12-23,0
SKU10116,5,2025-01-27,2025-02-02,18.843678472121272,HistGradientBoosting,2024-12-23,0
SKU10117,5,2025-01-27,2025-02-02,213.60282409552335,HistGradientBoosting,2024-12-23,0
SKU10118,5,2025-01-27,2025-02-02,82.9358302664181,HistGradientBoosting,2024-12-23,0
SKU10119,5,2025-01-27,2025-02-02,113.88984808858976,HistGradientBoosting,2024-12-23,0
SKU10120,5,2025-01-27,2025-02-02,163.10297681497534,HistGradientBoosting,2024-12-23,0
SKU10121,5,2025-01-27,2025-02-02,17.39585814042493,HistGradientBoosting,2024-12-23,0
SKU10122,5,2025-01-27,2025-02-02,66.96060029305053,HistGradientBoosting,2024-12-23,0
SKU10123,5,2025-01-27,2025-02-02,346.49879541314226,HistGradientBoosting,2024-12-23,0
SKU10124,5,2025-01-27,2025-02-02,31.19942020747093,HistGradientBoosting,2024-12-23,0
SKU10125,5,2025-01-27,2025-02-02,63.89198013246185,HistGradientBoosting,2024-12-23,0
SKU10126,5,2025-01-27,2025-02-02,50.93106248710509,HistGradientBoosting,2024-12-23,0
SKU10127,5,2025-01-27,2025-02-02,52.04822410674313,HistGradientBoosting,2024-12-23,0
SKU10128,5,2025-01-27,2025-02-02,59.42001155512067,HistGradientBoosting,2024-12-23,0
SKU10129,5,2025-01-27,2025-02-02,61.46326658731482,HistGradientBoosting,2024-12-23,0
SKU10130,5,2025-01-27,2025-02-02,22.778846955648483,HistGradientBoosting,2024-12-23,0
SKU10131,5,2025-01-27,2025-02-02,113.13618601814613,HistGradientBoosting,2024-12-23,0
SKU10132,5,2025-01-27,2025-02-02,11.903208511482365,HistGradientBoosting,2024-12-23,0
SKU10133,5,2025-01-27,2025-02-02,19.82590705284145,HistGradientBoosting,2024-12-23,0
SKU10134,5,2025-01-27,2025-02-02,14.09416565876086,HistGradientBoosting,2024-12-23,0
SKU10135,5,2025-01-27,2025-02-02,15.152041095534782,HistGradientBoosting,2024-12-23,0
SKU10136,5,2025-01-27,2025-02-02,58.804140776112476,HistGradientBoosting,2024-12-23,0
SKU10137,5,2025-01-27,2025-02-02,79.48633821926592,HistGradientBoosting,2024-12-23,0
SKU10138,5,2025-01-27,2025-02-02,160.20368106165625,HistGradientBoosting,2024-12-23,0
SKU10139,5,2025-01-27,2025-02-02,23.540758062422746,HistGradientBoosting,2024-12-23,0
SKU10140,5,2025-01-27,2025-02-02,230.06847108612058,HistGradientBoosting,2024-12-23,0
SKU10141,5,2025-01-27,2025-02-02,165.37180024094823,HistGradientBoosting,2024-12-23,0
SKU10142,5,2025-01-27,2025-02-02,26.69508200830915,HistGradientBoosting,2024-12-23,0
SKU10143,5,2025-01-27,2025-02-02,303.2493197765985,HistGradientBoosting,2024-12-23,0
SKU10144,5,2025-01-27,2025-02-02,892.0807759020742,HistGradientBoosting,2024-12-23,0
SKU10145,5,2025-01-27,2025-02-02,21.143273441529082,HistGradientBoosting,2024-12-23,0
SKU10146,5,2025-01-27,2025-02-02,46.085258373750094,HistGradientBoosting,2024-12-23,0
SKU10147,5,2025-01-27,2025-02-02,247.21556603273143,HistGradientBoosting,2024-12-23,0
SKU10148,5,2025-01-27,2025-02-02,137.93541030041837,HistGradientBoosting,2024-12-23,0
SKU10149,5,2025-01-27,2025-02-02,14.823337199273718,HistGradientBoosting,2024-12-23,0
SKU10000,6,2025-02-03,2025-02-09,122.27275637104376,HistGradientBoosting,2024-12-23,0
SKU10001,6,2025-02-03,2025-02-09,53.10482701216454,HistGradientBoosting,2024-12-23,0
SKU10002,6,2025-02-03,2025-02-09,176.25654140582435,HistGradientBoosting,2024-12-23,0
SKU10003,6,2025-02-03,2025-02-09,142.63427906204427,HistGradientBoosting,2024-12-23,0
SKU10004,6,2025-02-03,2025-02-09,21.034274846126735,HistGradientBoosting,2024-12-23,0
SKU10005,6,2025-02-03,2025-02-09,17.386240595893376,HistGradientBoosting,2024-12-23,0
SKU10006,6,2025-02-03,2025-02-09,74.54043870146077,HistGradientBoosting,2024-12-23,0
SKU10007,6,2025-02-03,2025-02-09,53.413791882460195,HistGradientBoosting,2024-12-23,0
SKU10008,6,2025-02-03,2025-02-09,29.289423083054235,HistGradientBoosting,2024-12-23,0
SKU10009,6,2025-02-03,2025-02-09,59.67577626956539,HistGradientBoosting,2024-12-23,0
SKU10010,6,2025-02-03,2025-02-09,43.421580156917074,HistGradientBoosting,2024-12-23,0
SKU10011,6,2025-02-03,2025-02-09,67.24645783615269,HistGradientBoosting,2024-12-23,0
SKU10012,6,2025-02-03,2025-02-09,44.034427020645026,HistGradientBoosting,2024-12-23,0
SKU10013,6,2025-02-03,2025-02-09,88.78309318534032,HistGradientBoosting,2024-12-23,0
SKU10014,6,2025-02-03,2025-02-09,61.426957948099194,HistGradientBoosting,2024-12-23,0
SKU10015,6,2025-02-03,2025-02-09,115.36487423678756,HistGradientBoosting,2024-12-23,0
SKU10016,6,2025-02-03,2025-02-09,18.072656021707054,HistGradientBoosting,2024-12-23,0
SKU10017,6,2025-02-03,2025-02-09,129.7127528065633,HistGradientBoosting,2024-12-23,0
SKU10018,6,2025-02-03,2025-02-09,63.055570057715535,HistGradientBoosting,2024-12-23,0
SKU10019,6,2025-02-03,2025-02-09,204.9388091879164,HistGradientBoosting,2024-12-23,0
SKU10020,6,2025-02-03,2025-02-09,54.6559959097627,HistGradientBoosting,2024-12-23,0
SKU10021,6,2025-02-03,2025-02-09,485.0070324796365,HistGradientBoosting,2024-12-23,0
SKU10022,6,2025-02-03,2025-02-09,80.30049956661396,HistGradientBoosting,2024-12-23,0
SKU10023,6,2025-02-03,2025-02-09,15.090257698919482,HistGradientBoosting,2024-12-23,0
SKU10024,6,2025-02-03,2025-02-09,139.7706773540957,HistGradientBoosting,2024-12-23,0
SKU10025,6,2025-02-03,2025-02-09,28.730474229441306,HistGradientBoosting,2024-12-23,0
SKU10026,6,2025-02-03,2025-02-09,41.055527287659636,HistGradientBoosting,2024-12-23,0
SKU10027,6,2025-02-03,2025-02-09,49.13502840475856,HistGradientBoosting,2024-12-23,0
SKU10028,6,2025-02-03,2025-02-09,92.82994905322253,HistGradientBoosting,2024-12-23,0
SKU10029,6,2025-02-03,2025-02-09,67.87039832735186,HistGradientBoosting,2024-12-23,0
SKU10030,6,2025-02-03,2025-02-09,35.897172729427275,HistGradientBoosting,2024-12-23,0
SKU10031,6,2025-02-03,2025-02-09,228.05855596494118,HistGradientBoosting,2024-12-23,0
SKU10032,6,2025-02-03,2025-02-09,35.90361411731462,HistGradientBoosting,2024-12-23,0
SKU10033,6,2025-02-03,2025-02-09,25.32038681599665,HistGradientBoosting,2024-12-23,0
SKU10034,6,2025-02-03,2025-02-09,43.86591341074387,HistGradientBoosting,2024-12-23,0
SKU10035,6,2025-02-03,2025-02-09,14.322510480711582,HistGradientBoosting,2024-12-23,0
SKU10036,6,2025-02-03,2025-02-09,68.88957434906227,HistGradientBoosting,2024-12-23,0
SKU10037,6,2025-02-03,2025-02-09,115.56286620523284,HistGradientBoosting,2024-12-23,0
SKU10038,6,2025-02-03,2025-02-09,68.33079917616293,HistGradientBoosting,2024-12-23,0
SKU10039,6,2025-02-03,2025-02-09,20.689398490544527,HistGradientBoosting,2024-12-23,0
SKU10040,6,2025-02-03,2025-02-09,56.316379312582875,HistGradientBoosting,2024-12-23,0
SKU10041,6,2025-02-03,2025-02-09,14.5342062685273,HistGradientBoosting,2024-12-23,0
SKU10042,6,2025-02-03,2025-02-09,175.66443770305742,HistGradientBoosting,2024-12-23,0
SKU10043,6,2025-02-03,2025-02-09,17.937217150451726,HistGradientBoosting,2024-12-23,0
SKU10044,6,2025-02-03,2025-02-09,73.12172640179301,HistGradientBoosting,2024-12-23,0
SKU10045,6,2025-02-03,2025-02-09,622.1647062246118,HistGradientBoosting,2024-12-23,0
SKU10046,6,2025-02-03,2025-02-09,76.44873512555444,HistGradientBoosting,2024-12-23,0
SKU10047,6,2025-02-03,2025-02-09,235.7867635695415,HistGradientBoosting,2024-12-23,0
SKU10048,6,2025-02-03,2025-02-09,25.23467136398891,HistGradientBoosting,2024-12-23,0
SKU10049,6,2025-02-03,2025-02-09,117.20276950629658,HistGradientBoosting,2024-12-23,0
SKU10050,6,2025-02-03,2025-02-09,56.499255031024404,HistGradientBoosting,2024-12-23,0
SKU10051,6,2025-02-03,2025-02-09,112.94154546772617,HistGradientBoosting,2024-12-23,0
SKU10052,6,2025-02-03,2025-02-09,14.097976259179983,HistGradientBoosting,2024-12-23,0
SKU10053,6,2025-02-03,2025-02-09,16.933384616062124,HistGradientBoosting,2024-12-23,0
SKU10054,6,2025-02-03,2025-02-09,39.045445593134005,HistGradientBoosting,2024-12-23,0
SKU10055,6,2025-02-03,2025-02-09,118.25280303731348,HistGradientBoosting,2024-12-23,0
SKU10056,6,2025-02-03,2025-02-09,194.62080424227037,HistGradientBoosting,2024-12-23,0
SKU10057,6,2025-02-03,2025-02-09,187.16866843374783,HistGradientBoosting,2024-12-23,0
SKU10058,6,2025-02-03,2025-02-09,19.00036773847018,HistGradientBoosting,2024-12-23,0
SKU10059,6,2025-02-03,2025-02-09,199.8555950883209,HistGradientBoosting,2024-12-23,0
SKU10060,6,2025-02-03,2025-02-09,66.65616701924708,HistGradientBoosting,2024-12-23,0
SKU10061,6,2025-02-03,2025-02-09,49.36410308987764,HistGradientBoosting,2024-12-23,0
SKU10062,6,2025-02-03,2025-02-09,11.230558053906343,HistGradientBoosting,2024-12-23,0
SKU10063,6,2025-02-03,2025-02-09,101.88104655839541,HistGradientBoosting,2024-12-23,0
SKU10064,6,2025-02-03,2025-02-09,22.726610773704277,HistGradientBoosting,2024-12-23,0
SKU10065,6,2025-02-03,2025-02-09,99.4277399603494,HistGradientBoosting,2024-12-23,0
SKU10066,6,2025-02-03,2025-02-09,205.16064406843782,HistGradientBoosting,2024-12-23,0
SKU10067,6,2025-02-03,2025-02-09,16.16849455170608,HistGradientBoosting,2024-12-23,0
SKU10068,6,2025-02-03,2025-02-09,58.27878717710706,HistGradientBoosting,2024-12-23,0
SKU10069,6,2025-02-03,2025-02-09,22.67842666363949,HistGradientBoosting,2024-12-23,0
SKU10070,6,2025-02-03,2025-02-09,49.76934095099743,HistGradientBoosting,2024-12-23,0
SKU10071,6,2025-02-03,2025-02-09,60.93854873248319,HistGradientBoosting,2024-12-23,0
SKU10072,6,2025-02-03,2025-02-09,30.707276305480207,HistGradientBoosting,2024-12-23,0
SKU10073,6,2025-02-03,2025-02-09,102.31779896387525,HistGradientBoosting,2024-12-23,0
SKU10074,6,2025-02-03,2025-02-09,118.85002910349995,HistGradientBoosting,2024-12-23,0
SKU10075,6,2025-02-03,2025-02-09,68.43207191715678,HistGradientBoosting,2024-12-23,0
SKU10076,6,2025-02-03,2025-02-09,136.0264185721313,HistGradientBoosting,2024-12-23,0
SKU10077,6,2025-02-03,2025-02-09,89.27047433986033,HistGradientBoosting,2024-12-23,0
SKU10078,6,2025-02-03,2025-02-09,59.24200622431312,HistGradientBoosting,2024-12-23,0
SKU10079,6,2025-02-03,2025-02-09,65.74141406774898,HistGradientBoosting,2024-12-23,0
SKU10080,6,2025-02-03,2025-02-09,46.17145745693134,HistGradientBoosting,2024-12-23,0
SKU10081,6,2025-02-03,2025-02-09,48.25393425488168,HistGradientBoosting,2024-12-23,0
SKU10082,6,2025-02-03,2025-02-09,215.80030276007625,HistGradientBoosting,2024-12-23,0
SKU10083,6,2025-02-03,2025-02-09,90.82914365673479,HistGradientBoosting,2024-12-23,0
SKU10084,6,2025-02-03,2025-02-09,23.049567086116816,HistGradientBoosting,2024-12-23,0
SKU10085,6,2025-02-03,2025-02-09,83.96108187321444,HistGradientBoosting,2024-12-23,0
SKU10086,6,2025-02-03,2025-02-09,37.664982519429515,HistGradientBoosting,2024-12-23,0
SKU10087,6,2025-02-03,2025-02-09,259.0932967803568,HistGradientBoosting,2024-12-23,0
SKU10088,6,2025-02-03,2025-02-09,16.77539918833084,HistGradientBoosting,2024-12-23,0
SKU10089,6,2025-02-03,2025-02-09,36.4704451429539,HistGradientBoosting,2024-12-23,0
SKU10090,6,2025-02-03,2025-02-09,34.861751091080535,HistGradientBoosting,2024-12-23,0
SKU10091,6,2025-02-03,2025-02-09,60.02448986869086,HistGradientBoosting,2024-12-23,0
SKU10092,6,2025-02-03,2025-02-09,193.79146366021394,HistGradientBoosting,2024-12-23,0
SKU10093,6,2025-02-03,2025-02-09,27.5159990601239,HistGradientBoosting,2024-12-23,0
SKU10094,6,2025-02-03,2025-02-09,171.90575530030875,HistGradientBoosting,2024-12-23,0
SKU10095,6,2025-02-03,2025-02-09,29.8762533412168,HistGradientBoosting,2024-12-23,0
SKU10096,6,2025-02-03,2025-02-09,186.52298260341692,HistGradientBoosting,2024-12-23,0
SKU10097,6,2025-02-03,2025-02-09,17.36370595224363,HistGradientBoosting,2024-12-23,0
SKU10098,6,2025-02-03,2025-02-09,23.921462749890075,HistGradientBoosting,2024-12-23,0
SKU10099,6,2025-02-03,2025-02-09,96.10387001349967,HistGradientBoosting,2024-12-23,0
SKU10100,6,2025-02-03,2025-02-09,1956.4567195430645,HistGradientBoosting,2024-12-23,0
SKU10101,6,2025-02-03,2025-02-09,232.41270875343784,HistGradientBoosting,2024-12-23,0
SKU10102,6,2025-02-03,2025-02-09,80.54237815942803,HistGradientBoosting,2024-12-23,0
SKU10103,6,2025-02-03,2025-02-09,250.4035075638856,HistGradientBoosting,2024-12-23,0
SKU10104,6,2025-02-03,2025-02-09,11.023823474655233,HistGradientBoosting,2024-12-23,0
SKU10105,6,2025-02-03,2025-02-09,559.0705034743883,HistGradientBoosting,2024-12-23,0
SKU10106,6,2025-02-03,2025-02-09,61.32949949009016,HistGradientBoosting,2024-12-23,0
SKU10107,6,2025-02-03,2025-02-09,125.22838901866915,HistGradientBoosting,2024-12-23,0
SKU10108,6,2025-02-03,2025-02-09,190.8004354029717,HistGradientBoosting,2024-12-23,0
SKU10109,6,2025-02-03,2025-02-09,123.34134099497744,HistGradientBoosting,2024-12-23,0
SKU10110,6,2025-02-03,2025-02-09,64.58273983270051,HistGradientBoosting,2024-12-23,0
SKU10111,6,2025-02-03,2025-02-09,70.09803507257195,HistGradientBoosting,2024-12-23,0
SKU10112,6,2025-02-03,2025-02-09,190.92066718326865,HistGradientBoosting,2024-12-23,0
SKU10113,6,2025-02-03,2025-02-09,25.64641930352751,HistGradientBoosting,2024-12-23,0
SKU10114,6,2025-02-03,2025-02-09,493.13439578651924,HistGradientBoosting,2024-12-23,0
SKU10115,6,2025-02-03,2025-02-09,121.05522348401239,HistGradientBoosting,2024-12-23,0
SKU10116,6,2025-02-03,2025-02-09,23.00319326104499,HistGradientBoosting,2024-12-23,0
SKU10117,6,2025-02-03,2025-02-09,198.40270350357116,HistGradientBoosting,2024-12-23,0
SKU10118,6,2025-02-03,2025-02-09,83.49972534417884,HistGradientBoosting,2024-12-23,0
SKU10119,6,2025-02-03,2025-02-09,106.03529320396815,HistGradientBoosting,2024-12-23,0
SKU10120,6,2025-02-03,2025-02-09,151.54063589752647,HistGradientBoosting,2024-12-23,0
SKU10121,6,2025-02-03,2025-02-09,17.78856309296554,HistGradientBoosting,2024-12-23,0
SKU10122,6,2025-02-03,2025-02-09,52.852330226358646,HistGradientBoosting,2024-12-23,0
SKU10123,6,2025-02-03,2025-02-09,314.6810659017998,HistGradientBoosting,2024-12-23,0
SKU10124,6,2025-02-03,2025-02-09,27.1441742744723,HistGradientBoosting,2024-12-23,0
SKU10125,6,2025-02-03,2025-02-09,60.8658640170143,HistGradientBoosting,2024-12-23,0
SKU10126,6,2025-02-03,2025-02-09,50.722626781498185,HistGradientBoosting,2024-12-23,0
SKU10127,6,2025-02-03,2025-02-09,57.489863436762306,HistGradientBoosting,2024-12-23,0
SKU10128,6,2025-02-03,2025-02-09,70.75138627173845,HistGradientBoosting,2024-12-23,0
SKU10129,6,2025-02-03,2025-02-09,71.63717976364836,HistGradientBoosting,2024-12-23,0
SKU10130,6,2025-02-03,2025-02-09,26.09553187558045,HistGradientBoosting,2024-12-23,0
SKU10131,6,2025-02-03,2025-02-09,123.12303139949124,HistGradientBoosting,2024-12-23,0
SKU10132,6,2025-02-03,2025-02-09,15.00752844415903,HistGradientBoosting,2024-12-23,0
SKU10133,6,2025-02-03,2025-02-09,18.66131429534181,HistGradientBoosting,2024-12-23,0
SKU10134,6,2025-02-03,2025-02-09,20.757670936995364,HistGradientBoosting,2024-12-23,0
SKU10135,6,2025-02-03,2025-02-09,18.51170807345632,HistGradientBoosting,2024-12-23,0
SKU10136,6,2025-02-03,2025-02-09,60.63545575633204,HistGradientBoosting,2024-12-23,0
SKU10137,6,2025-02-03,2025-02-09,69.09212416314642,HistGradientBoosting,2024-12-23,0
SKU10138,6,2025-02-03,2025-02-09,171.48270924106762,HistGradientBoosting,2024-12-23,0
SKU10139,6,2025-02-03,2025-02-09,29.25874651906284,HistGradientBoosting,2024-12-23,0
SKU10140,6,2025-02-03,2025-02-09,209.45613880026212,HistGradientBoosting,2024-12-23,0
SKU10141,6,2025-02-03,2025-02-09,182.89405815256586,HistGradientBoosting,2024-12-23,0
SKU10142,6,2025-02-03,2025-02-09,47.18623460713709,HistGradientBoosting,2024-12-23,0
SKU10143,6,2025-02-03,2025-02-09,245.61114054020487,HistGradientBoosting,2024-12-23,0
SKU10144,6,2025-02-03,2025-02-09,879.4812960108877,HistGradientBoosting,2024-12-23,0
SKU10145,6,2025-02-03,2025-02-09,15.421767603702389,HistGradientBoosting,2024-12-23,0
SKU10146,6,2025-02-03,2025-02-09,48.46428131384262,HistGradientBoosting,2024-12-23,0
SKU10147,6,2025-02-03,2025-02-09,247.42204141194154,HistGradientBoosting,2024-12-23,0
SKU10148,6,2025-02-03,2025-02-09,140.5290603821369,HistGradientBoosting,2024-12-23,0
SKU10149,6,2025-02-03,2025-02-09,14.05726504062988,HistGradientBoosting,2024-12-23,0
SKU10000,7,2025-02-10,2025-02-16,146.0504248084917,HistGradientBoosting,2024-12-23,0
SKU10001,7,2025-02-10,2025-02-16,60.53448813286815,HistGradientBoosting,2024-12-23,0
SKU10002,7,2025-02-10,2025-02-16,178.84147344621314,HistGradientBoosting,2024-12-23,0
SKU10003,7,2025-02-10,2025-02-16,144.5319501600903,HistGradientBoosting,2024-12-23,0
SKU10004,7,2025-02-10,2025-02-16,18.832116578661385,HistGradientBoosting,2024-12-23,0
SKU10005,7,2025-02-10,2025-02-16,21.58094359726944,HistGradientBoosting,2024-12-23,0
SKU10006,7,2025-02-10,2025-02-16,78.55260619536726,HistGradientBoosting,2024-12-23,0
SKU10007,7,2025-02-10,2025-02-16,40.05926733044263,HistGradientBoosting,2024-12-23,0
SKU10008,7,2025-02-10,2025-02-16,34.588007939415085,HistGradientBoosting,2024-12-23,0
SKU10009,7,2025-02-10,2025-02-16,60.56031014734174,HistGradientBoosting,2024-12-23,0
SKU10010,7,2025-02-10,2025-02-16,53.0324485142911,HistGradientBoosting,2024-12-23,0
SKU10011,7,2025-02-10,2025-02-16,70.48818512561387,HistGradientBoosting,2024-12-23,0
SKU10012,7,2025-02-10,2025-02-16,47.03256961442381,HistGradientBoosting,2024-12-23,0
SKU10013,7,2025-02-10,2025-02-16,104.72896121531427,HistGradientBoosting,2024-12-23,0
SKU10014,7,2025-02-10,2025-02-16,65.45500695939614,HistGradientBoosting,2024-12-23,0
SKU10015,7,2025-02-10,2025-02-16,101.78148815333428,HistGradientBoosting,2024-12-23,0
SKU10016,7,2025-02-10,2025-02-16,21.657908138495294,HistGradientBoosting,2024-12-23,0
SKU10017,7,2025-02-10,2025-02-16,121.70810878689079,HistGradientBoosting,2024-12-23,0
SKU10018,7,2025-02-10,2025-02-16,70.72449508375666,HistGradientBoosting,2024-12-23,0
SKU10019,7,2025-02-10,2025-02-16,211.75179796406803,HistGradientBoosting,2024-12-23,0
SKU10020,7,2025-02-10,2025-02-16,67.05962806216742,HistGradientBoosting,2024-12-23,0
SKU10021,7,2025-02-10,2025-02-16,485.0070324796365,HistGradientBoosting,2024-12-23,0
SKU10022,7,2025-02-10,2025-02-16,92.5546065270309,HistGradientBoosting,2024-12-23,0
SKU10023,7,2025-02-10,2025-02-16,16.95170467863163,HistGradientBoosting,2024-12-23,0
SKU10024,7,2025-02-10,2025-02-16,131.73947639279308,HistGradientBoosting,2024-12-23,0
SKU10025,7,2025-02-10,2025-02-16,34.00334133146088,HistGradientBoosting,2024-12-23,0
SKU10026,7,2025-02-10,2025-02-16,44.2346662784833,HistGradientBoosting,2024-12-23,0
SKU10027,7,2025-02-10,2025-02-16,57.37966870581823,HistGradientBoosting,2024-12-23,0
SKU10028,7,2025-02-10,2025-02-16,102.16728690326767,HistGradientBoosting,2024-12-23,0
SKU10029,7,2025-02-10,2025-02-16,64.86162295213828,HistGradientBoosting,2024-12-23,0
SKU10030,7,2025-02-10,2025-02-16,51.69848309839219,HistGradientBoosting,2024-12-23,0
SKU10031,7,2025-02-10,2025-02-16,232.68747308542265,HistGradientBoosting,2024-12-23,0
SKU10032,7,2025-02-10,2025-02-16,26.842791723301417,HistGradientBoosting,2024-12-23,0
SKU10033,7,2025-02-10,2025-02-16,33.265892452264914,HistGradientBoosting,2024-12-23,0
SKU10034,7,2025-02-10,2025-02-16,45.587584151937634,HistGradientBoosting,2024-12-23,0
SKU10035,7,2025-02-10,2025-02-16,13.384330775129436,HistGradientBoosting,2024-12-23,0
SKU10036,7,2025-02-10,2025-02-16,78.73945568794024,HistGradientBoosting,2024-12-23,0
SKU10037,7,2025-02-10,2025-02-16,135.47998949728728,HistGradientBoosting,2024-12-23,0
SKU10038,7,2025-02-10,2025-02-16,60.467122459877864,HistGradientBoosting,2024-12-23,0
SKU10039,7,2025-02-10,2025-02-16,22.084637639636266,HistGradientBoosting,2024-12-23,0
SKU10040,7,2025-02-10,2025-02-16,54.89422220813347,HistGradientBoosting,2024-12-23,0
SKU10041,7,2025-02-10,2025-02-16,13.681652296616999,HistGradientBoosting,2024-12-23,0
SKU10042,7,2025-02-10,2025-02-16,190.26236482398537,HistGradientBoosting,2024-12-23,0
SKU10043,7,2025-02-10,2025-02-16,20.332912637887418,HistGradientBoosting,2024-12-23,0
SKU10044,7,2025-02-10,2025-02-16,65.58368269788319,HistGradientBoosting,2024-12-23,0
SKU10045,7,2025-02-10,2025-02-16,622.1647062246118,HistGradientBoosting,2024-12-23,0
SKU10046,7,2025-02-10,2025-02-16,75.94279658164481,HistGradientBoosting,2024-12-23,0
SKU10047,7,2025-02-10,2025-02-16,235.55450927041872,HistGradientBoosting,2024-12-23,0
SKU10048,7,2025-02-10,2025-02-16,22.243594144335393,HistGradientBoosting,2024-12-23,0
SKU10049,7,2025-02-10,2025-02-16,132.31332527694494,HistGradientBoosting,2024-12-23,0
SKU10050,7,2025-02-10,2025-02-16,57.552512727424805,HistGradientBoosting,2024-12-23,0
SKU10051,7,2025-02-10,2025-02-16,137.50602397686754,HistGradientBoosting,2024-12-23,0
SKU10052,7,2025-02-10,2025-02-16,18.234172586325577,HistGradientBoosting,2024-12-23,0
SKU10053,7,2025-02-10,2025-02-16,17.349059140599916,HistGradientBoosting,2024-12-23,0
SKU10054,7,2025-02-10,2025-02-16,38.540111820148404,HistGradientBoosting,2024-12-23,0
SKU10055,7,2025-02-10,2025-02-16,128.77317393858442,HistGradientBoosting,2024-12-23,0
SKU10056,7,2025-02-10,2025-02-16,189.7719463645659,HistGradientBoosting,2024-12-23,0
SKU10057,7,2025-02-10,2025-02-16,184.94212745484663,HistGradientBoosting,2024-12-23,0
SKU10058,7,2025-02-10,2025-02-16,19.844955262094032,HistGradientBoosting,2024-12-23,0
SKU10059,7,2025-02-10,2025-02-16,198.81056163164502,HistGradientBoosting,2024-12-23,0
SKU10060,7,2025-02-10,2025-02-16,74.30426188232761,HistGradientBoosting,2024-12-23,0
SKU10061,7,2025-02-10,2025-02-16,58.466542281609826,HistGradientBoosting,2024-12-23,0
SKU10062,7,2025-02-10,2025-02-16,15.468769280672499,HistGradientBoosting,2024-12-23,0
SKU10063,7,2025-02-10,2025-02-16,131.6700621121373,HistGradientBoosting,2024-12-23,0
SKU10064,7,2025-02-10,2025-02-16,18.627376163934482,HistGradientBoosting,2024-12-23,0
SKU10065,7,2025-02-10,2025-02-16,80.6358730608148,HistGradientBoosting,2024-12-23,0
SKU10066,7,2025-02-10,2025-02-16,213.77615997277528,HistGradientBoosting,2024-12-23,0
SKU10067,7,2025-02-10,2025-02-16,18.239064090980648,HistGradientBoosting,2024-12-23,0
SKU10068,7,2025-02-10,2025-02-16,60.899495984594466,HistGradientBoosting,2024-12-23,0
SKU10069,7,2025-02-10,2025-02-16,24.044180540742783,HistGradientBoosting,2024-12-23,0
SKU10070,7,2025-02-10,2025-02-16,47.79431104048297,HistGradientBoosting,2024-12-23,0
SKU10071,7,2025-02-10,2025-02-16,69.69126497129173,HistGradientBoosting,2024-12-23,0
SKU10072,7,2025-02-10,2025-02-16,30.562099940298282,HistGradientBoosting,2024-12-23,0
SKU10073,7,2025-02-10,2025-02-16,153.8969628244291,HistGradientBoosting,2024-12-23,0
SKU10074,7,2025-02-10,2025-02-16,84.74611215544329,HistGradientBoosting,2024-12-23,0
SKU10075,7,2025-02-10,2025-02-16,63.777076418316526,HistGradientBoosting,2024-12-23,0
SKU10076,7,2025-02-10,2025-02-16,124.85025985652706,HistGradientBoosting,2024-12-23,0
SKU10077,7,2025-02-10,2025-02-16,99.94301723052818,HistGradientBoosting,2024-12-23,0
SKU10078,7,2025-02-10,2025-02-16,66.19143274450681,HistGradientBoosting,2024-12-23,0
SKU10079,7,2025-02-10,2025-02-16,65.76945446474755,HistGradientBoosting,2024-12-23,0
SKU10080,7,2025-02-10,2025-02-16,55.11254642225552,HistGradientBoosting,2024-12-23,0
SKU10081,7,2025-02-10,2025-02-16,47.92760559258863,HistGradientBoosting,2024-12-23,0
SKU10082,7,2025-02-10,2025-02-16,205.1949162332402,HistGradientBoosting,2024-12-23,0
SKU10083,7,2025-02-10,2025-02-16,93.48497876349543,HistGradientBoosting,2024-12-23,0
SKU10084,7,2025-02-10,2025-02-16,23.693995722543196,HistGradientBoosting,2024-12-23,0
SKU10085,7,2025-02-10,2025-02-16,105.34694239863208,HistGradientBoosting,2024-12-23,0
SKU10086,7,2025-02-10,2025-02-16,38.52107985419442,HistGradientBoosting,2024-12-23,0
SKU10087,7,2025-02-10,2025-02-16,244.0843034284781,HistGradientBoosting,2024-12-23,0
SKU10088,7,2025-02-10,2025-02-16,18.589744174083055,HistGradientBoosting,2024-12-23,0
SKU10089,7,2025-02-10,2025-02-16,59.454289742350745,HistGradientBoosting,2024-12-23,0
SKU10090,7,2025-02-10,2025-02-16,44.75471200073318,HistGradientBoosting,2024-12-23,0
SKU10091,7,2025-02-10,2025-02-16,79.19093075843429,HistGradientBoosting,2024-12-23,0
SKU10092,7,2025-02-10,2025-02-16,185.654627506142,HistGradientBoosting,2024-12-23,0
SKU10093,7,2025-02-10,2025-02-16,37.15889841263816,HistGradientBoosting,2024-12-23,0
SKU10094,7,2025-02-10,2025-02-16,185.51098511251882,HistGradientBoosting,2024-12-23,0
SKU10095,7,2025-02-10,2025-02-16,30.001491003816337,HistGradientBoosting,2024-12-23,0
SKU10096,7,2025-02-10,2025-02-16,191.71757023239772,HistGradientBoosting,2024-12-23,0
SKU10097,7,2025-02-10,2025-02-16,20.252566681607938,HistGradientBoosting,2024-12-23,0
SKU10098,7,2025-02-10,2025-02-16,27.032296423322205,HistGradientBoosting,2024-12-23,0
SKU10099,7,2025-02-10,2025-02-16,139.31372369334198,HistGradientBoosting,2024-12-23,0
SKU10100,7,2025-02-10,2025-02-16,1956.4567195430645,HistGradientBoosting,2024-12-23,0
SKU10101,7,2025-02-10,2025-02-16,226.87204504515776,HistGradientBoosting,2024-12-23,0
SKU10102,7,2025-02-10,2025-02-16,80.8646324040237,HistGradientBoosting,2024-12-23,0
SKU10103,7,2025-02-10,2025-02-16,260.2377673772577,HistGradientBoosting,2024-12-23,0
SKU10104,7,2025-02-10,2025-02-16,11.1755626385708,HistGradientBoosting,2024-12-23,0
SKU10105,7,2025-02-10,2025-02-16,559.0705034743883,HistGradientBoosting,2024-12-23,0
SKU10106,7,2025-02-10,2025-02-16,52.868632033592064,HistGradientBoosting,2024-12-23,0
SKU10107,7,2025-02-10,2025-02-16,134.62963141702016,HistGradientBoosting,2024-12-23,0
SKU10108,7,2025-02-10,2025-02-16,207.4198573118422,HistGradientBoosting,2024-12-23,0
SKU10109,7,2025-02-10,2025-02-16,124.06223933186777,HistGradientBoosting,2024-12-23,0
SKU10110,7,2025-02-10,2025-02-16,82.09989742436031,HistGradientBoosting,2024-12-23,0
SKU10111,7,2025-02-10,2025-02-16,64.61281758469461,HistGradientBoosting,2024-12-23,0
SKU10112,7,2025-02-10,2025-02-16,201.47562462807358,HistGradientBoosting,2024-12-23,0
SKU10113,7,2025-02-10,2025-02-16,26.194841901346273,HistGradientBoosting,2024-12-23,0
SKU10114,7,2025-02-10,2025-02-16,516.3831542587765,HistGradientBoosting,2024-12-23,0
SKU10115,7,2025-02-10,2025-02-16,134.54634963303764,HistGradientBoosting,2024-12-23,0
SKU10116,7,2025-02-10,2025-02-16,19.587635729410042,HistGradientBoosting,2024-12-23,0
SKU10117,7,2025-02-10,2025-02-16,208.93405345628938,HistGradientBoosting,2024-12-23,0
SKU10118,7,2025-02-10,2025-02-16,71.45198686870226,HistGradientBoosting,2024-12-23,0
SKU10119,7,2025-02-10,2025-02-16,106.71728552604694,HistGradientBoosting,2024-12-23,0
SKU10120,7,2025-02-10,2025-02-16,198.68731451633252,HistGradientBoosting,2024-12-23,0
SKU10121,7,2025-02-10,2025-02-16,16.935640417931015,HistGradientBoosting,2024-12-23,0
SKU10122,7,2025-02-10,2025-02-16,62.36942732908432,HistGradientBoosting,2024-12-23,0
SKU10123,7,2025-02-10,2025-02-16,317.8748729947586,HistGradientBoosting,2024-12-23,0
SKU10124,7,2025-02-10,2025-02-16,29.24555720841967,HistGradientBoosting,2024-12-23,0
SKU10125,7,2025-02-10,2025-02-16,61.93240553224285,HistGradientBoosting,2024-12-23,0
SKU10126,7,2025-02-10,2025-02-16,46.95262910050119,HistGradientBoosting,2024-12-23,0
SKU10127,7,2025-02-10,2025-02-16,58.05305247845011,HistGradientBoosting,2024-12-23,0
SKU10128,7,2025-02-10,2025-02-16,68.74210922991222,HistGradientBoosting,2024-12-23,0
SKU10129,7,2025-02-10,2025-02-16,79.73255695486338,HistGradientBoosting,2024-12-23,0
SKU10130,7,2025-02-10,2025-02-16,28.547657340294766,HistGradientBoosting,2024-12-23,0
SKU10131,7,2025-02-10,2025-02-16,143.03096903529465,HistGradientBoosting,2024-12-23,0
SKU10132,7,2025-02-10,2025-02-16,14.594705404094698,HistGradientBoosting,2024-12-23,0
SKU10133,7,2025-02-10,2025-02-16,21.047458700965347,HistGradientBoosting,2024-12-23,0
SKU10134,7,2025-02-10,2025-02-16,16.834991609892707,HistGradientBoosting,2024-12-23,0
SKU10135,7,2025-02-10,2025-02-16,16.15055015265222,HistGradientBoosting,2024-12-23,0
SKU10136,7,2025-02-10,2025-02-16,59.67534824758459,HistGradientBoosting,2024-12-23,0
SKU10137,7,2025-02-10,2025-02-16,80.42150852568247,HistGradientBoosting,2024-12-23,0
SKU10138,7,2025-02-10,2025-02-16,158.17974497223386,HistGradientBoosting,2024-12-23,0
SKU10139,7,2025-02-10,2025-02-16,34.181625047226035,HistGradientBoosting,2024-12-23,0
SKU10140,7,2025-02-10,2025-02-16,220.0400453667693,HistGradientBoosting,2024-12-23,0
SKU10141,7,2025-02-10,2025-02-16,183.0869519179822,HistGradientBoosting,2024-12-23,0
SKU10142,7,2025-02-10,2025-02-16,32.96592498768977,HistGradientBoosting,2024-12-23,0
SKU10143,7,2025-02-10,2025-02-16,251.59854104790804,HistGradientBoosting,2024-12-23,0
SKU10144,7,2025-02-10,2025-02-16,879.4812960108877,HistGradientBoosting,2024-12-23,0
SKU10145,7,2025-02-10,2025-02-16,19.577913685983724,HistGradientBoosting,2024-12-23,0
SKU10146,7,2025-02-10,2025-02-16,50.27635609221,HistGradientBoosting,2024-12-23,0
SKU10147,7,2025-02-10,2025-02-16,237.0032373229459,HistGradientBoosting,2024-12-23,0
SKU10148,7,2025-02-10,2025-02-16,118.93409921557233,HistGradientBoosting,2024-12-23,0
SKU10149,7,2025-02-10,2025-02-16,14.065691413031512,HistGradientBoosting,2024-12-23,0
SKU10000,8,2025-02-17,2025-02-23,135.11464661599538,HistGradientBoosting,2024-12-23,0
SKU10001,8,2025-02-17,2025-02-23,60.53161586816049,HistGradientBoosting,2024-12-23,0
SKU10002,8,2025-02-17,2025-02-23,172.89074903920394,HistGradientBoosting,2024-12-23,0
SKU10003,8,2025-02-17,2025-02-23,145.68822878078703,HistGradientBoosting,2024-12-23,0
SKU10004,8,2025-02-17,2025-02-23,24.88149475502741,HistGradientBoosting,2024-12-23,0
SKU10005,8,2025-02-17,2025-02-23,20.132070431482703,HistGradientBoosting,2024-12-23,0
SKU10006,8,2025-02-17,2025-02-23,75.66731360364605,HistGradientBoosting,2024-12-23,0
SKU10007,8,2025-02-17,2025-02-23,44.39017802958675,HistGradientBoosting,2024-12-23,0
SKU10008,8,2025-02-17,2025-02-23,35.18937446606576,HistGradientBoosting,2024-12-23,0
SKU10009,8,2025-02-17,2025-02-23,55.44412348935479,HistGradientBoosting,2024-12-23,0
SKU10010,8,2025-02-17,2025-02-23,51.785820280020324,HistGradientBoosting,2024-12-23,0
SKU10011,8,2025-02-17,2025-02-23,71.91461929035923,HistGradientBoosting,2024-12-23,0
SKU10012,8,2025-02-17,2025-02-23,47.966450555744444,HistGradientBoosting,2024-12-23,0
SKU10013,8,2025-02-17,2025-02-23,87.71762706621179,HistGradientBoosting,2024-12-23,0
SKU10014,8,2025-02-17,2025-02-23,55.89100766394317,HistGradientBoosting,2024-12-23,0
SKU10015,8,2025-02-17,2025-02-23,118.19437182602456,HistGradientBoosting,2024-12-23,0
SKU10016,8,2025-02-17,2025-02-23,21.66721989471991,HistGradientBoosting,2024-12-23,0
SKU10017,8,2025-02-17,2025-02-23,115.95472813286673,HistGradientBoosting,2024-12-23,0
SKU10018,8,2025-02-17,2025-02-23,67.28730260658183,HistGradientBoosting,2024-12-23,0
SKU10019,8,2025-02-17,2025-02-23,207.4827404842638,HistGradientBoosting,2024-12-23,0
SKU10020,8,2025-02-17,2025-02-23,58.365374929403146,HistGradientBoosting,2024-12-23,0
SKU10021,8,2025-02-17,2025-02-23,539.061225827534,HistGradientBoosting,2024-12-23,0
SKU10022,8,2025-02-17,2025-02-23,87.5709864883683,HistGradientBoosting,2024-12-23,0
SKU10023,8,2025-02-17,2025-02-23,22.019394241016613,HistGradientBoosting,2024-12-23,0
SKU10024,8,2025-02-17,2025-02-23,150.18485909473816,HistGradientBoosting,2024-12-23,0
SKU10025,8,2025-02-17,2025-02-23,34.9340165548547,HistGradientBoosting,2024-12-23,0
SKU10026,8,2025-02-17,2025-02-23,51.9739275275703,HistGradientBoosting,2024-12-23,0
SKU10027,8,2025-02-17,2025-02-23,56.18454481611724,HistGradientBoosting,2024-12-23,0
SKU10028,8,2025-02-17,2025-02-23,108.41186872534122,HistGradientBoosting,2024-12-23,0
SKU10029,8,2025-02-17,2025-02-23,81.61717880133342,HistGradientBoosting,2024-12-23,0
SKU10030,8,2025-02-17,2025-02-23,48.61459204968383,HistGradientBoosting,2024-12-23,0
SKU10031,8,2025-02-17,2025-02-23,258.74435877047557,HistGradientBoosting,2024-12-23,0
SKU10032,8,2025-02-17,2025-02-23,30.785753393955233,HistGradientBoosting,2024-12-23,0
SKU10033,8,2025-02-17,2025-02-23,36.62500090386369,HistGradientBoosting,2024-12-23,0
SKU10034,8,2025-02-17,2025-02-23,49.38223139395782,HistGradientBoosting,2024-12-23,0
SKU10035,8,2025-02-17,2025-02-23,16.520780057515434,HistGradientBoosting,2024-12-23,0
SKU10036,8,2025-02-17,2025-02-23,65.11195708034148,HistGradientBoosting,2024-12-23,0
SKU10037,8,2025-02-17,2025-02-23,111.62581849196171,HistGradientBoosting,2024-12-23,0
SKU10038,8,2025-02-17,2025-02-23,62.71254368507976,HistGradientBoosting,2024-12-23,0
SKU10039,8,2025-02-17,2025-02-23,25.852993451382847,HistGradientBoosting,2024-12-23,0
SKU10040,8,2025-02-17,2025-02-23,54.036285044179046,HistGradientBoosting,2024-12-23,0
SKU10041,8,2025-02-17,2025-02-23,12.885193952655605,HistGradientBoosting,2024-12-23,0
SKU10042,8,2025-02-17,2025-02-23,172.7658568990495,HistGradientBoosting,2024-12-23,0
SKU10043,8,2025-02-17,2025-02-23,18.474364384536315,HistGradientBoosting,2024-12-23,0
SKU10044,8,2025-02-17,2025-02-23,84.6970577252603,HistGradientBoosting,2024-12-23,0
SKU10045,8,2025-02-17,2025-02-23,618.4579059732818,HistGradientBoosting,2024-12-23,0
SKU10046,8,2025-02-17,2025-02-23,98.02273890967227,HistGradientBoosting,2024-12-23,0
SKU10047,8,2025-02-17,2025-02-23,270.98282391332896,HistGradientBoosting,2024-12-23,0
SKU10048,8,2025-02-17,2025-02-23,36.08092974416806,HistGradientBoosting,2024-12-23,0
SKU10049,8,2025-02-17,2025-02-23,142.52859727415338,HistGradientBoosting,2024-12-23,0
SKU10050,8,2025-02-17,2025-02-23,68.09509448838304,HistGradientBoosting,2024-12-23,0
SKU10051,8,2025-02-17,2025-02-23,139.31834183477505,HistGradientBoosting,2024-12-23,0
SKU10052,8,2025-02-17,2025-02-23,17.45965034518303,HistGradientBoosting,2024-12-23,0
SKU10053,8,2025-02-17,2025-02-23,16.42452577317814,HistGradientBoosting,2024-12-23,0
SKU10054,8,2025-02-17,2025-02-23,45.4338472259603,HistGradientBoosting,2024-12-23,0
SKU10055,8,2025-02-17,2025-02-23,109.74671209213075,HistGradientBoosting,2024-12-23,0
SKU10056,8,2025-02-17,2025-02-23,184.59157113042866,HistGradientBoosting,2024-12-23,0
SKU10057,8,2025-02-17,2025-02-23,182.18867606204734,HistGradientBoosting,2024-12-23,0
SKU10058,8,2025-02-17,2025-02-23,23.25500138180122,HistGradientBoosting,2024-12-23,0
SKU10059,8,2025-02-17,2025-02-23,217.68543526128414,HistGradientBoosting,2024-12-23,0
SKU10060,8,2025-02-17,2025-02-23,52.882476002748895,HistGradientBoosting,2024-12-23,0
SKU10061,8,2025-02-17,2025-02-23,55.68683033832154,HistGradientBoosting,2024-12-23,0
SKU10062,8,2025-02-17,2025-02-23,15.15285528332802,HistGradientBoosting,2024-12-23,0
SKU10063,8,2025-02-17,2025-02-23,122.529189687341,HistGradientBoosting,2024-12-23,0
SKU10064,8,2025-02-17,2025-02-23,22.079831732054863,HistGradientBoosting,2024-12-23,0
SKU10065,8,2025-02-17,2025-02-23,97.658904764575,HistGradientBoosting,2024-12-23,0
SKU10066,8,2025-02-17,2025-02-23,220.2502960347056,HistGradientBoosting,2024-12-23,0
SKU10067,8,2025-02-17,2025-02-23,18.866612115978604,HistGradientBoosting,2024-12-23,0
SKU10068,8,2025-02-17,2025-02-23,71.58481450504854,HistGradientBoosting,2024-12-23,0
SKU10069,8,2025-02-17,2025-02-23,26.249835796494505,HistGradientBoosting,2024-12-23,0
SKU10070,8,2025-02-17,2025-02-23,46.119373359825516,HistGradientBoosting,2024-12-23,0
SKU10071,8,2025-02-17,2025-02-23,50.69068455076264,HistGradientBoosting,2024-12-23,0
SKU10072,8,2025-02-17,2025-02-23,39.7539768968249,HistGradientBoosting,2024-12-23,0
SKU10073,8,2025-02-17,2025-02-23,150.55165300717164,HistGradientBoosting,2024-12-23,0
SKU10074,8,2025-02-17,2025-02-23,97.79773084703625,HistGradientBoosting,2024-12-23,0
SKU10075,8,2025-02-17,2025-02-23,66.85443371456502,HistGradientBoosting,2024-12-23,0
SKU10076,8,2025-02-17,2025-02-23,113.34555193126775,HistGradientBoosting,2024-12-23,0
SKU10077,8,2025-02-17,2025-02-23,87.95307721413612,HistGradientBoosting,2024-12-23,0
SKU10078,8,2025-02-17,2025-02-23,58.67091855277766,HistGradientBoosting,2024-12-23,0
SKU10079,8,2025-02-17,2025-02-23,63.78968238416652,HistGradientBoosting,2024-12-23,0
SKU10080,8,2025-02-17,2025-02-23,51.71785479401275,HistGradientBoosting,2024-12-23,0
SKU10081,8,2025-02-17,2025-02-23,55.69673392182626,HistGradientBoosting,2024-12-23,0
SKU10082,8,2025-02-17,2025-02-23,219.68501386961012,HistGradientBoosting,2024-12-23,0
SKU10083,8,2025-02-17,2025-02-23,126.001154242095,HistGradientBoosting,2024-12-23,0
SKU10084,8,2025-02-17,2025-02-23,34.06285753559258,HistGradientBoosting,2024-12-23,0
SKU10085,8,2025-02-17,2025-02-23,86.66751895221933,HistGradientBoosting,2024-12-23,0
SKU10086,8,2025-02-17,2025-02-23,43.63796177461362,HistGradientBoosting,2024-12-23,0
SKU10087,8,2025-02-17,2025-02-23,285.16173148113995,HistGradientBoosting,2024-12-23,0
SKU10088,8,2025-02-17,2025-02-23,19.106556219817104,HistGradientBoosting,2024-12-23,0
SKU10089,8,2025-02-17,2025-02-23,44.58404858316155,HistGradientBoosting,2024-12-23,0
SKU10090,8,2025-02-17,2025-02-23,47.48528309869275,HistGradientBoosting,2024-12-23,0
SKU10091,8,2025-02-17,2025-02-23,76.3439264326285,HistGradientBoosting,2024-12-23,0
SKU10092,8,2025-02-17,2025-02-23,186.91112782217812,HistGradientBoosting,2024-12-23,0
SKU10093,8,2025-02-17,2025-02-23,46.76121291709405,HistGradientBoosting,2024-12-23,0
SKU10094,8,2025-02-17,2025-02-23,241.03255112471317,HistGradientBoosting,2024-12-23,0
SKU10095,8,2025-02-17,2025-02-23,35.13892054195143,HistGradientBoosting,2024-12-23,0
SKU10096,8,2025-02-17,2025-02-23,198.66848819235796,HistGradientBoosting,2024-12-23,0
SKU10097,8,2025-02-17,2025-02-23,21.89663557509702,HistGradientBoosting,2024-12-23,0
SKU10098,8,2025-02-17,2025-02-23,27.013416210268876,HistGradientBoosting,2024-12-23,0
SKU10099,8,2025-02-17,2025-02-23,115.85151255310699,HistGradientBoosting,2024-12-23,0
SKU10100,8,2025-02-17,2025-02-23,2075.476237194116,HistGradientBoosting,2024-12-23,0
SKU10101,8,2025-02-17,2025-02-23,246.1342820835641,HistGradientBoosting,2024-12-23,0
SKU10102,8,2025-02-17,2025-02-23,100.79984514142721,HistGradientBoosting,2024-12-23,0
SKU10103,8,2025-02-17,2025-02-23,270.09737207582583,HistGradientBoosting,2024-12-23,0
SKU10104,8,2025-02-17,2025-02-23,16.146578874169393,HistGradientBoosting,2024-12-23,0
SKU10105,8,2025-02-17,2025-02-23,579.5417289456556,HistGradientBoosting,2024-12-23,0
SKU10106,8,2025-02-17,2025-02-23,57.24380970023142,HistGradientBoosting,2024-12-23,0
SKU10107,8,2025-02-17,2025-02-23,137.0241419684154,HistGradientBoosting,2024-12-23,0
SKU10108,8,2025-02-17,2025-02-23,189.16645670004655,HistGradientBoosting,2024-12-23,0
SKU10109,8,2025-02-17,2025-02-23,140.7666337970113,HistGradientBoosting,2024-12-23,0
SKU10110,8,2025-02-17,2025-02-23,59.52804389964257,HistGradientBoosting,2024-12-23,0
SKU10111,8,2025-02-17,2025-02-23,61.07485643020445,HistGradientBoosting,2024-12-23,0
SKU10112,8,2025-02-17,2025-02-23,240.2511146984873,HistGradientBoosting,2024-12-23,0
SKU10113,8,2025-02-17,2025-02-23,25.856644631739126,HistGradientBoosting,2024-12-23,0
SKU10114,8,2025-02-17,2025-02-23,532.8324254053306,HistGradientBoosting,2024-12-23,0
SKU10115,8,2025-02-17,2025-02-23,133.93772681800954,HistGradientBoosting,2024-12-23,0
SKU10116,8,2025-02-17,2025-02-23,24.58177526148413,HistGradientBoosting,2024-12-23,0
SKU10117,8,2025-02-17,2025-02-23,218.7155968133269,HistGradientBoosting,2024-12-23,0
SKU10118,8,2025-02-17,2025-02-23,94.4802560082503,HistGradientBoosting,2024-12-23,0
SKU10119,8,2025-02-17,2025-02-23,129.38418227584285,HistGradientBoosting,2024-12-23,0
SKU10120,8,2025-02-17,2025-02-23,220.99423567263,HistGradientBoosting,2024-12-23,0
SKU10121,8,2025-02-17,2025-02-23,19.532262633797167,HistGradientBoosting,2024-12-23,0
SKU10122,8,2025-02-17,2025-02-23,58.54286552748281,HistGradientBoosting,2024-12-23,0
SKU10123,8,2025-02-17,2025-02-23,359.2923517697382,HistGradientBoosting,2024-12-23,0
SKU10124,8,2025-02-17,2025-02-23,33.02352481895308,HistGradientBoosting,2024-12-23,0
SKU10125,8,2025-02-17,2025-02-23,67.01700207245185,HistGradientBoosting,2024-12-23,0
SKU10126,8,2025-02-17,2025-02-23,53.30381841823956,HistGradientBoosting,2024-12-23,0
SKU10127,8,2025-02-17,2025-02-23,60.7526153582658,HistGradientBoosting,2024-12-23,0
SKU10128,8,2025-02-17,2025-02-23,74.56977232131507,HistGradientBoosting,2024-12-23,0
SKU10129,8,2025-02-17,2025-02-23,68.29048566993069,HistGradientBoosting,2024-12-23,0
SKU10130,8,2025-02-17,2025-02-23,28.47272933926336,HistGradientBoosting,2024-12-23,0
SKU10131,8,2025-02-17,2025-02-23,122.87896128160838,HistGradientBoosting,2024-12-23,0
SKU10132,8,2025-02-17,2025-02-23,19.342526551466268,HistGradientBoosting,2024-12-23,0
SKU10133,8,2025-02-17,2025-02-23,18.044914953632645,HistGradientBoosting,2024-12-23,0
SKU10134,8,2025-02-17,2025-02-23,18.986236645754236,HistGradientBoosting,2024-12-23,0
SKU10135,8,2025-02-17,2025-02-23,18.686796873757864,HistGradientBoosting,2024-12-23,0
SKU10136,8,2025-02-17,2025-02-23,63.21648270892605,HistGradientBoosting,2024-12-23,0
SKU10137,8,2025-02-17,2025-02-23,78.7783026913826,HistGradientBoosting,2024-12-23,0
SKU10138,8,2025-02-17,2025-02-23,147.4666844076382,HistGradientBoosting,2024-12-23,0
SKU10139,8,2025-02-17,2025-02-23,44.589719692765286,HistGradientBoosting,2024-12-23,0
SKU10140,8,2025-02-17,2025-02-23,232.52154381608509,HistGradientBoosting,2024-12-23,0
SKU10141,8,2025-02-17,2025-02-23,194.7022569051732,HistGradientBoosting,2024-12-23,0
SKU10142,8,2025-02-17,2025-02-23,49.96711397098603,HistGradientBoosting,2024-12-23,0
SKU10143,8,2025-02-17,2025-02-23,280.89916909715214,HistGradientBoosting,2024-12-23,0
SKU10144,8,2025-02-17,2025-02-23,796.9077827743441,HistGradientBoosting,2024-12-23,0
SKU10145,8,2025-02-17,2025-02-23,15.877677248920955,HistGradientBoosting,2024-12-23,0
SKU10146,8,2025-02-17,2025-02-23,47.21766355251295,HistGradientBoosting,2024-12-23,0
SKU10147,8,2025-02-17,2025-02-23,277.81496783077404,HistGradientBoosting,2024-12-23,0
SKU10148,8,2025-02-17,2025-02-23,128.11149401615333,HistGradientBoosting,2024-12-23,0
SKU10149,8,2025-02-17,2025-02-23,16.37530685953281,HistGradientBoosting,2024-12-23,0
