sku_id,week_start,week_end,actual_demand,naive_previous_week,seasonal_naive_52,selected_model,model_prediction,absolute_error
SKU10000,2024-09-30,2024-10-06,115,139.0,88.0,HistGradientBoosting,125.66163389910731,10.661633899107315
SKU10001,2024-09-30,2024-10-06,38,157.0,12.0,HistGradientBoosting,43.15875934432539,5.158759344325389
SKU10002,2024-09-30,2024-10-06,270,240.0,88.0,HistGradientBoosting,193.67713289905134,76.32286710094866
SKU10003,2024-09-30,2024-10-06,107,96.0,175.0,HistGradientBoosting,160.19254391740355,53.192543917403555
SKU10004,2024-09-30,2024-10-06,10,3.0,6.0,HistGradientBoosting,10.600938055365736,0.6009380553657362
SKU10005,2024-09-30,2024-10-06,4,5.0,0.0,HistGradientBoosting,10.40115465792052,6.40115465792052
SKU10006,2024-09-30,2024-10-06,31,48.0,46.0,HistGradientBoosting,85.91579756990227,54.91579756990227
SKU10007,2024-09-30,2024-10-06,21,27.0,13.0,HistGradientBoosting,38.04458456061845,17.044584560618453
SKU10008,2024-09-30,2024-10-06,23,14.0,161.0,HistGradientBoosting,33.79045033953523,10.790450339535226
SKU10009,2024-09-30,2024-10-06,44,158.0,19.0,HistGradientBoosting,63.766940168110835,19.766940168110835
SKU10010,2024-09-30,2024-10-06,28,24.0,64.0,HistGradientBoosting,33.583602479444735,5.583602479444735
SKU10011,2024-09-30,2024-10-06,181,227.0,29.0,HistGradientBoosting,47.27543325588181,133.7245667441182
SKU10012,2024-09-30,2024-10-06,24,14.0,26.0,HistGradientBoosting,39.53413562718825,15.534135627188249
SKU10013,2024-09-30,2024-10-06,51,38.0,33.0,HistGradientBoosting,55.64225432621384,4.642254326213838
SKU10014,2024-09-30,2024-10-06,31,13.0,5.0,HistGradientBoosting,42.41688295066253,11.416882950662533
SKU10015,2024-09-30,2024-10-06,83,62.0,172.0,HistGradientBoosting,118.44598355602783,35.44598355602783
SKU10016,2024-09-30,2024-10-06,16,10.0,10.0,HistGradientBoosting,15.04644871725363,0.9535512827463695
SKU10017,2024-09-30,2024-10-06,70,72.0,58.0,HistGradientBoosting,76.29057890336543,6.290578903365429
SKU10018,2024-09-30,2024-10-06,31,26.0,18.0,HistGradientBoosting,57.67065150263065,26.670651502630648
SKU10019,2024-09-30,2024-10-06,144,261.0,126.0,HistGradientBoosting,234.5587254850367,90.55872548503669
SKU10020,2024-09-30,2024-10-06,32,51.0,17.0,HistGradientBoosting,56.82669866791841,24.826698667918407
SKU10021,2024-09-30,2024-10-06,923,644.0,997.0,HistGradientBoosting,830.4526015632125,92.54739843678749
SKU10022,2024-09-30,2024-10-06,40,229.0,321.0,HistGradientBoosting,62.57740943659067,22.57740943659067
SKU10023,2024-09-30,2024-10-06,9,11.0,3.0,HistGradientBoosting,16.68464090766153,7.684640907661532
SKU10024,2024-09-30,2024-10-06,259,107.0,113.0,HistGradientBoosting,203.8928121574622,55.1071878425378
SKU10025,2024-09-30,2024-10-06,6,15.0,8.0,HistGradientBoosting,33.280461391491585,27.280461391491585
SKU10026,2024-09-30,2024-10-06,24,6.0,15.0,HistGradientBoosting,29.9180989773634,5.9180989773634
SKU10027,2024-09-30,2024-10-06,3,7.0,6.0,HistGradientBoosting,15.59698959679174,12.59698959679174
SKU10028,2024-09-30,2024-10-06,58,32.0,42.0,HistGradientBoosting,69.75087557687922,11.750875576879224
SKU10029,2024-09-30,2024-10-06,211,39.0,229.0,HistGradientBoosting,58.558523837028936,152.44147616297107
SKU10030,2024-09-30,2024-10-06,22,23.0,16.0,HistGradientBoosting,42.89380093028699,20.893800930286993
SKU10031,2024-09-30,2024-10-06,317,282.0,452.0,HistGradientBoosting,245.52233775381632,71.47766224618368
SKU10032,2024-09-30,2024-10-06,6,3.0,4.0,HistGradientBoosting,11.955156153376844,5.955156153376844
SKU10033,2024-09-30,2024-10-06,17,19.0,40.0,HistGradientBoosting,29.209928862152925,12.209928862152925
SKU10034,2024-09-30,2024-10-06,22,10.0,16.0,HistGradientBoosting,34.48106195185268,12.48106195185268
SKU10035,2024-09-30,2024-10-06,9,19.0,0.0,HistGradientBoosting,16.123456037004704,7.123456037004704
SKU10036,2024-09-30,2024-10-06,37,18.0,17.0,HistGradientBoosting,45.41221023533603,8.412210235336033
SKU10037,2024-09-30,2024-10-06,69,50.0,42.0,HistGradientBoosting,107.71357908721907,38.713579087219074
SKU10038,2024-09-30,2024-10-06,134,26.0,17.0,HistGradientBoosting,62.14273612537003,71.85726387462998
SKU10039,2024-09-30,2024-10-06,7,13.0,6.0,HistGradientBoosting,12.448289337747852,5.448289337747852
SKU10040,2024-09-30,2024-10-06,18,29.0,123.0,HistGradientBoosting,62.289382991992355,44.289382991992355
SKU10041,2024-09-30,2024-10-06,3,2.0,0.0,HistGradientBoosting,7.611730118746395,4.611730118746395
SKU10042,2024-09-30,2024-10-06,421,124.0,250.0,HistGradientBoosting,220.71881774866713,200.28118225133287
SKU10043,2024-09-30,2024-10-06,6,4.0,8.0,HistGradientBoosting,10.890038664914815,4.890038664914815
SKU10044,2024-09-30,2024-10-06,160,29.0,45.0,HistGradientBoosting,75.84676225731673,84.15323774268327
SKU10045,2024-09-30,2024-10-06,1686,1543.0,873.0,HistGradientBoosting,1241.2203402492146,444.7796597507854
SKU10046,2024-09-30,2024-10-06,30,44.0,43.0,HistGradientBoosting,36.88444445188949,6.884444451889493
SKU10047,2024-09-30,2024-10-06,487,592.0,137.0,HistGradientBoosting,452.77528631507965,34.224713684920346
SKU10048,2024-09-30,2024-10-06,129,3.0,7.0,HistGradientBoosting,19.44937925846061,109.55062074153939
SKU10049,2024-09-30,2024-10-06,168,55.0,91.0,HistGradientBoosting,118.37329850089687,49.626701499103135
SKU10050,2024-09-30,2024-10-06,21,34.0,40.0,HistGradientBoosting,47.010698295969945,26.010698295969945
SKU10051,2024-09-30,2024-10-06,172,213.0,46.0,HistGradientBoosting,130.292896297835,41.707103702165
SKU10052,2024-09-30,2024-10-06,13,13.0,0.0,HistGradientBoosting,10.680351081996426,2.3196489180035744
SKU10053,2024-09-30,2024-10-06,17,8.0,11.0,HistGradientBoosting,23.894121225177468,6.894121225177468
SKU10054,2024-09-30,2024-10-06,12,7.0,4.0,HistGradientBoosting,21.147932849002796,9.147932849002796
SKU10055,2024-09-30,2024-10-06,42,48.0,30.0,HistGradientBoosting,103.02614987102095,61.02614987102095
SKU10056,2024-09-30,2024-10-06,90,83.0,165.0,HistGradientBoosting,184.51115429590592,94.51115429590592
SKU10057,2024-09-30,2024-10-06,77,67.0,112.0,HistGradientBoosting,107.77285542389495,30.772855423894953
SKU10058,2024-09-30,2024-10-06,9,2.0,5.0,HistGradientBoosting,13.283543312306431,4.283543312306431
SKU10059,2024-09-30,2024-10-06,429,320.0,194.0,HistGradientBoosting,202.55910392219303,226.44089607780697
SKU10060,2024-09-30,2024-10-06,18,25.0,15.0,HistGradientBoosting,31.01162718671662,13.01162718671662
SKU10061,2024-09-30,2024-10-06,16,26.0,10.0,HistGradientBoosting,49.35389405970638,33.35389405970638
SKU10062,2024-09-30,2024-10-06,4,1.0,16.0,HistGradientBoosting,8.939084175668542,4.939084175668542
SKU10063,2024-09-30,2024-10-06,59,69.0,120.0,HistGradientBoosting,94.63012244376432,35.63012244376432
SKU10064,2024-09-30,2024-10-06,19,19.0,1.0,HistGradientBoosting,20.375244131116002,1.375244131116002
SKU10065,2024-09-30,2024-10-06,52,45.0,25.0,HistGradientBoosting,54.24649836608247,2.24649836608247
SKU10066,2024-09-30,2024-10-06,136,93.0,124.0,HistGradientBoosting,160.0348299677185,24.034829967718508
SKU10067,2024-09-30,2024-10-06,4,2.0,8.0,HistGradientBoosting,19.099300951129724,15.099300951129724
SKU10068,2024-09-30,2024-10-06,34,26.0,29.0,HistGradientBoosting,57.95977072648223,23.959770726482233
SKU10069,2024-09-30,2024-10-06,4,22.0,0.0,HistGradientBoosting,21.345132376626907,17.345132376626907
SKU10070,2024-09-30,2024-10-06,19,26.0,22.0,HistGradientBoosting,38.405006121841005,19.405006121841005
SKU10071,2024-09-30,2024-10-06,31,18.0,15.0,HistGradientBoosting,44.57015673935006,13.570156739350061
SKU10072,2024-09-30,2024-10-06,15,26.0,24.0,HistGradientBoosting,18.571172049554054,3.571172049554054
SKU10073,2024-09-30,2024-10-06,43,41.0,25.0,HistGradientBoosting,81.89361390415661,38.89361390415661
SKU10074,2024-09-30,2024-10-06,12,41.0,12.0,HistGradientBoosting,55.27293037492588,43.27293037492588
SKU10075,2024-09-30,2024-10-06,56,39.0,43.0,HistGradientBoosting,70.02118335744707,14.021183357447072
SKU10076,2024-09-30,2024-10-06,80,213.0,194.0,HistGradientBoosting,86.25586324604171,6.255863246041713
SKU10077,2024-09-30,2024-10-06,171,23.0,38.0,HistGradientBoosting,54.493422681737606,116.5065773182624
SKU10078,2024-09-30,2024-10-06,63,24.0,20.0,HistGradientBoosting,48.849643897457845,14.150356102542155
SKU10079,2024-09-30,2024-10-06,339,29.0,38.0,HistGradientBoosting,58.78101917568555,280.21898082431443
SKU10080,2024-09-30,2024-10-06,14,17.0,17.0,HistGradientBoosting,30.33295498127574,16.33295498127574
SKU10081,2024-09-30,2024-10-06,8,22.0,17.0,HistGradientBoosting,35.196734245989944,27.196734245989944
SKU10082,2024-09-30,2024-10-06,146,263.0,288.0,HistGradientBoosting,273.77072678633573,127.77072678633573
SKU10083,2024-09-30,2024-10-06,71,80.0,39.0,HistGradientBoosting,81.91035958096604,10.910359580966045
SKU10084,2024-09-30,2024-10-06,20,13.0,17.0,HistGradientBoosting,24.26733995336645,4.267339953366449
SKU10085,2024-09-30,2024-10-06,53,43.0,35.0,HistGradientBoosting,39.77271180793976,13.227288192060243
SKU10086,2024-09-30,2024-10-06,6,16.0,19.0,HistGradientBoosting,37.01456880240099,31.014568802400987
SKU10087,2024-09-30,2024-10-06,238,354.0,314.0,HistGradientBoosting,368.41847424011206,130.41847424011206
SKU10088,2024-09-30,2024-10-06,6,0.0,3.0,HistGradientBoosting,9.505539194205713,3.5055391942057135
SKU10089,2024-09-30,2024-10-06,9,21.0,6.0,HistGradientBoosting,34.690464854967935,25.690464854967935
SKU10090,2024-09-30,2024-10-06,20,14.0,21.0,HistGradientBoosting,29.492027347553734,9.492027347553734
SKU10091,2024-09-30,2024-10-06,40,28.0,7.0,HistGradientBoosting,65.62323594736039,25.623235947360385
SKU10092,2024-09-30,2024-10-06,145,85.0,83.0,HistGradientBoosting,175.33540142916507,30.335401429165074
SKU10093,2024-09-30,2024-10-06,19,4.0,25.0,HistGradientBoosting,11.016336248070017,7.983663751929983
SKU10094,2024-09-30,2024-10-06,111,102.0,51.0,HistGradientBoosting,149.2101193743408,38.21011937434079
SKU10095,2024-09-30,2024-10-06,12,5.0,9.0,HistGradientBoosting,18.18347577762422,6.183475777624221
SKU10096,2024-09-30,2024-10-06,142,156.0,357.0,HistGradientBoosting,208.06320490290125,66.06320490290125
SKU10097,2024-09-30,2024-10-06,4,0.0,0.0,HistGradientBoosting,16.857944142840264,12.857944142840264
SKU10098,2024-09-30,2024-10-06,1,4.0,7.0,HistGradientBoosting,10.580872060574837,9.580872060574837
SKU10099,2024-09-30,2024-10-06,213,66.0,52.0,HistGradientBoosting,100.37158512293846,112.62841487706154
SKU10100,2024-09-30,2024-10-06,2346,2503.0,2062.0,HistGradientBoosting,2972.8147379135967,626.8147379135967
SKU10101,2024-09-30,2024-10-06,216,281.0,305.0,HistGradientBoosting,293.1603625050751,77.16036250507511
SKU10102,2024-09-30,2024-10-06,58,155.0,19.0,HistGradientBoosting,89.47501631646632,31.475016316466323
SKU10103,2024-09-30,2024-10-06,362,617.0,331.0,HistGradientBoosting,358.3100023041755,3.689997695824502
SKU10104,2024-09-30,2024-10-06,1,11.0,11.0,HistGradientBoosting,9.3216196984835,8.3216196984835
SKU10105,2024-09-30,2024-10-06,1139,1138.0,570.0,HistGradientBoosting,847.0300379557563,291.96996204424374
SKU10106,2024-09-30,2024-10-06,33,24.0,131.0,HistGradientBoosting,33.3723296285568,0.3723296285567983
SKU10107,2024-09-30,2024-10-06,181,59.0,93.0,HistGradientBoosting,134.09647794751865,46.90352205248135
SKU10108,2024-09-30,2024-10-06,136,79.0,87.0,HistGradientBoosting,151.02866500834534,15.028665008345342
SKU10109,2024-09-30,2024-10-06,274,74.0,110.0,HistGradientBoosting,92.08133824262447,181.91866175737553
SKU10110,2024-09-30,2024-10-06,233,61.0,38.0,HistGradientBoosting,40.03301803198063,192.96698196801935
SKU10111,2024-09-30,2024-10-06,40,192.0,28.0,HistGradientBoosting,66.32509522679985,26.325095226799846
SKU10112,2024-09-30,2024-10-06,273,134.0,65.0,HistGradientBoosting,193.64280733711252,79.35719266288748
SKU10113,2024-09-30,2024-10-06,14,24.0,20.0,HistGradientBoosting,24.319703877460412,10.319703877460412
SKU10114,2024-09-30,2024-10-06,588,925.0,812.0,HistGradientBoosting,833.5270558642136,245.5270558642136
SKU10115,2024-09-30,2024-10-06,105,68.0,58.0,HistGradientBoosting,121.41099371202394,16.410993712023938
SKU10116,2024-09-30,2024-10-06,9,14.0,12.0,HistGradientBoosting,16.93029306731276,7.9302930673127605
SKU10117,2024-09-30,2024-10-06,79,55.0,134.0,HistGradientBoosting,141.66055376564125,62.660553765641254
SKU10118,2024-09-30,2024-10-06,35,20.0,16.0,HistGradientBoosting,56.962495774031574,21.962495774031574
SKU10119,2024-09-30,2024-10-06,45,80.0,45.0,HistGradientBoosting,78.79254686092854,33.79254686092854
SKU10120,2024-09-30,2024-10-06,54,400.0,77.0,HistGradientBoosting,132.78651417847618,78.78651417847618
SKU10121,2024-09-30,2024-10-06,19,0.0,89.0,HistGradientBoosting,7.567765821382339,11.432234178617662
SKU10122,2024-09-30,2024-10-06,36,26.0,40.0,HistGradientBoosting,48.4849642148621,12.484964214862103
SKU10123,2024-09-30,2024-10-06,634,453.0,168.0,HistGradientBoosting,395.96863504150093,238.03136495849907
SKU10124,2024-09-30,2024-10-06,6,17.0,27.0,HistGradientBoosting,24.47871692913821,18.47871692913821
SKU10125,2024-09-30,2024-10-06,187,208.0,29.0,HistGradientBoosting,50.65526441527734,136.34473558472266
SKU10126,2024-09-30,2024-10-06,32,20.0,8.0,HistGradientBoosting,38.6672622576314,6.6672622576314
SKU10127,2024-09-30,2024-10-06,49,38.0,17.0,HistGradientBoosting,47.07924607994112,1.9207539200588784
SKU10128,2024-09-30,2024-10-06,24,391.0,39.0,HistGradientBoosting,80.60282538040853,56.60282538040853
SKU10129,2024-09-30,2024-10-06,214,36.0,205.0,HistGradientBoosting,59.35870660742388,154.64129339257613
SKU10130,2024-09-30,2024-10-06,145,108.0,4.0,HistGradientBoosting,30.638378419237437,114.36162158076256
SKU10131,2024-09-30,2024-10-06,193,191.0,112.0,HistGradientBoosting,97.22993747319576,95.77006252680424
SKU10132,2024-09-30,2024-10-06,0,7.0,0.0,HistGradientBoosting,11.17207596728337,11.17207596728337
SKU10133,2024-09-30,2024-10-06,31,12.0,27.0,HistGradientBoosting,20.716781238327616,10.283218761672384
SKU10134,2024-09-30,2024-10-06,2,7.0,2.0,HistGradientBoosting,13.504203634028364,11.504203634028364
SKU10135,2024-09-30,2024-10-06,12,8.0,85.0,HistGradientBoosting,10.499219774506411,1.500780225493589
SKU10136,2024-09-30,2024-10-06,32,24.0,18.0,HistGradientBoosting,55.64509293652667,23.645092936526673
SKU10137,2024-09-30,2024-10-06,118,164.0,47.0,HistGradientBoosting,59.8986644496584,58.1013355503416
SKU10138,2024-09-30,2024-10-06,285,49.0,72.0,HistGradientBoosting,149.37109884157604,135.62890115842396
SKU10139,2024-09-30,2024-10-06,90,8.0,14.0,HistGradientBoosting,19.09887188573024,70.90112811426977
SKU10140,2024-09-30,2024-10-06,393,229.0,234.0,HistGradientBoosting,180.59509988862112,212.40490011137888
SKU10141,2024-09-30,2024-10-06,412,62.0,68.0,HistGradientBoosting,120.55915519355291,291.4408448064471
SKU10142,2024-09-30,2024-10-06,35,14.0,8.0,HistGradientBoosting,36.42184812592995,1.421848125929948
SKU10143,2024-09-30,2024-10-06,314,186.0,314.0,HistGradientBoosting,382.6019694029658,68.60196940296578
SKU10144,2024-09-30,2024-10-06,1260,1105.0,1081.0,HistGradientBoosting,1150.857797229089,109.1422027709109
SKU10145,2024-09-30,2024-10-06,10,13.0,6.0,HistGradientBoosting,16.954973224804984,6.954973224804984
SKU10146,2024-09-30,2024-10-06,25,9.0,92.0,HistGradientBoosting,31.302517456234625,6.302517456234625
SKU10147,2024-09-30,2024-10-06,255,245.0,252.0,HistGradientBoosting,318.64383668449676,63.64383668449676
SKU10148,2024-09-30,2024-10-06,72,56.0,53.0,HistGradientBoosting,109.08478394932652,37.08478394932652
SKU10149,2024-09-30,2024-10-06,0,0.0,0.0,HistGradientBoosting,10.047563274614088,10.047563274614088
SKU10000,2024-10-07,2024-10-13,228,115.0,69.0,HistGradientBoosting,164.38535061586344,63.614649384136555
SKU10001,2024-10-07,2024-10-13,132,38.0,25.0,HistGradientBoosting,68.51976695757187,63.480233042428125
SKU10002,2024-10-07,2024-10-13,202,270.0,152.0,HistGradientBoosting,210.16005536036135,8.160055360361355
SKU10003,2024-10-07,2024-10-13,176,107.0,62.0,HistGradientBoosting,101.25804586582039,74.74195413417961
SKU10004,2024-10-07,2024-10-13,6,10.0,0.0,HistGradientBoosting,13.907152716703633,7.907152716703633
SKU10005,2024-10-07,2024-10-13,2,4.0,9.0,HistGradientBoosting,10.574745366634422,8.574745366634422
SKU10006,2024-10-07,2024-10-13,46,31.0,53.0,HistGradientBoosting,117.64927225350142,71.64927225350142
SKU10007,2024-10-07,2024-10-13,174,21.0,23.0,HistGradientBoosting,58.40829913454559,115.59170086545441
SKU10008,2024-10-07,2024-10-13,13,23.0,144.0,HistGradientBoosting,36.65670911260021,23.65670911260021
SKU10009,2024-10-07,2024-10-13,66,44.0,45.0,HistGradientBoosting,69.04244175472607,3.0424417547260703
SKU10010,2024-10-07,2024-10-13,105,28.0,14.0,HistGradientBoosting,60.56258799944301,44.43741200055699
SKU10011,2024-10-07,2024-10-13,66,181.0,41.0,HistGradientBoosting,53.71022450057706,12.289775499422937
SKU10012,2024-10-07,2024-10-13,28,24.0,28.0,HistGradientBoosting,45.22263370359133,17.222633703591328
SKU10013,2024-10-07,2024-10-13,39,51.0,43.0,HistGradientBoosting,79.26939020974787,40.26939020974787
SKU10014,2024-10-07,2024-10-13,39,31.0,23.0,HistGradientBoosting,30.063357075262722,8.936642924737278
SKU10015,2024-10-07,2024-10-13,59,83.0,72.0,HistGradientBoosting,128.25193101687935,69.25193101687935
SKU10016,2024-10-07,2024-10-13,11,16.0,89.0,HistGradientBoosting,19.84244458045341,8.84244458045341
SKU10017,2024-10-07,2024-10-13,71,70.0,58.0,HistGradientBoosting,116.35801498446995,45.358014984469946
SKU10018,2024-10-07,2024-10-13,141,31.0,31.0,HistGradientBoosting,66.5850666770249,74.4149333229751
SKU10019,2024-10-07,2024-10-13,142,144.0,93.0,HistGradientBoosting,250.82070176183302,108.82070176183302
SKU10020,2024-10-07,2024-10-13,47,32.0,33.0,HistGradientBoosting,69.12065927576847,22.120659275768475
SKU10021,2024-10-07,2024-10-13,802,923.0,509.0,HistGradientBoosting,854.2897267023262,52.28972670232622
SKU10022,2024-10-07,2024-10-13,40,40.0,47.0,HistGradientBoosting,67.86229816145249,27.862298161452486
SKU10023,2024-10-07,2024-10-13,12,9.0,9.0,HistGradientBoosting,31.991037843492812,19.991037843492812
SKU10024,2024-10-07,2024-10-13,76,259.0,60.0,HistGradientBoosting,188.60703314778195,112.60703314778195
SKU10025,2024-10-07,2024-10-13,11,6.0,77.0,HistGradientBoosting,25.432575294472176,14.432575294472176
SKU10026,2024-10-07,2024-10-13,31,24.0,252.0,HistGradientBoosting,24.83911305413558,6.160886945864419
SKU10027,2024-10-07,2024-10-13,153,3.0,5.0,HistGradientBoosting,11.593236592200496,141.4067634077995
SKU10028,2024-10-07,2024-10-13,49,58.0,20.0,HistGradientBoosting,55.36474612581027,6.364746125810271
SKU10029,2024-10-07,2024-10-13,44,211.0,45.0,HistGradientBoosting,69.51255138436038,25.51255138436038
SKU10030,2024-10-07,2024-10-13,18,22.0,19.0,HistGradientBoosting,34.202613993009926,16.202613993009926
SKU10031,2024-10-07,2024-10-13,288,317.0,473.0,HistGradientBoosting,282.0450490394687,5.954950960531278
SKU10032,2024-10-07,2024-10-13,7,6.0,19.0,HistGradientBoosting,10.856131558501797,3.8561315585017972
SKU10033,2024-10-07,2024-10-13,33,17.0,13.0,HistGradientBoosting,36.603271284370344,3.6032712843703436
SKU10034,2024-10-07,2024-10-13,11,22.0,23.0,HistGradientBoosting,33.78259228419939,22.78259228419939
SKU10035,2024-10-07,2024-10-13,14,9.0,3.0,HistGradientBoosting,10.5943593146596,3.4056406853403995
SKU10036,2024-10-07,2024-10-13,34,37.0,124.0,HistGradientBoosting,43.16448040966203,9.164480409662033
SKU10037,2024-10-07,2024-10-13,194,69.0,144.0,HistGradientBoosting,117.80439821176067,76.19560178823933
SKU10038,2024-10-07,2024-10-13,47,134.0,27.0,HistGradientBoosting,60.61621598786137,13.616215987861374
SKU10039,2024-10-07,2024-10-13,9,7.0,6.0,HistGradientBoosting,20.722731185507897,11.722731185507897
SKU10040,2024-10-07,2024-10-13,23,18.0,24.0,HistGradientBoosting,49.69740127033479,26.697401270334787
SKU10041,2024-10-07,2024-10-13,7,3.0,3.0,HistGradientBoosting,10.374885003050899,3.374885003050899
SKU10042,2024-10-07,2024-10-13,157,421.0,311.0,HistGradientBoosting,256.2384291188084,99.23842911880843
SKU10043,2024-10-07,2024-10-13,6,6.0,11.0,HistGradientBoosting,12.12248695618947,6.122486956189469
SKU10044,2024-10-07,2024-10-13,149,160.0,33.0,HistGradientBoosting,76.13566672155028,72.86433327844972
SKU10045,2024-10-07,2024-10-13,1433,1686.0,1032.0,HistGradientBoosting,1592.0861594925566,159.0861594925566
SKU10046,2024-10-07,2024-10-13,237,30.0,237.0,HistGradientBoosting,78.27225001483855,158.72774998516144
SKU10047,2024-10-07,2024-10-13,183,487.0,333.0,HistGradientBoosting,414.1024651895855,231.10246518958547
SKU10048,2024-10-07,2024-10-13,16,129.0,4.0,HistGradientBoosting,22.327809519346488,6.327809519346488
SKU10049,2024-10-07,2024-10-13,62,168.0,153.0,HistGradientBoosting,121.41534475787995,59.41534475787995
SKU10050,2024-10-07,2024-10-13,40,21.0,20.0,HistGradientBoosting,48.33642945886073,8.336429458860728
SKU10051,2024-10-07,2024-10-13,198,172.0,350.0,HistGradientBoosting,131.01838548090117,66.98161451909883
SKU10052,2024-10-07,2024-10-13,5,13.0,3.0,HistGradientBoosting,17.64037801716531,12.640378017165311
SKU10053,2024-10-07,2024-10-13,6,17.0,21.0,HistGradientBoosting,23.2272828225493,17.2272828225493
SKU10054,2024-10-07,2024-10-13,12,12.0,1.0,HistGradientBoosting,13.744809958356925,1.7448099583569245
SKU10055,2024-10-07,2024-10-13,39,42.0,41.0,HistGradientBoosting,63.67534678240506,24.675346782405057
SKU10056,2024-10-07,2024-10-13,273,90.0,93.0,HistGradientBoosting,180.44802889896008,92.55197110103992
SKU10057,2024-10-07,2024-10-13,107,77.0,46.0,HistGradientBoosting,128.71005144679756,21.710051446797564
SKU10058,2024-10-07,2024-10-13,3,9.0,6.0,HistGradientBoosting,19.565335056534852,16.565335056534852
SKU10059,2024-10-07,2024-10-13,115,429.0,347.0,HistGradientBoosting,226.90110326420955,111.90110326420955
SKU10060,2024-10-07,2024-10-13,13,18.0,19.0,HistGradientBoosting,47.44733065243642,34.44733065243642
SKU10061,2024-10-07,2024-10-13,26,16.0,13.0,HistGradientBoosting,33.62663597385286,7.6266359738528635
SKU10062,2024-10-07,2024-10-13,2,4.0,16.0,HistGradientBoosting,9.226240039528546,7.226240039528546
SKU10063,2024-10-07,2024-10-13,184,59.0,57.0,HistGradientBoosting,104.19724613893362,79.80275386106638
SKU10064,2024-10-07,2024-10-13,16,19.0,3.0,HistGradientBoosting,23.9145999975522,7.914599997552202
SKU10065,2024-10-07,2024-10-13,121,52.0,42.0,HistGradientBoosting,60.51419622569895,60.48580377430105
SKU10066,2024-10-07,2024-10-13,122,136.0,229.0,HistGradientBoosting,178.13135276520353,56.13135276520353
SKU10067,2024-10-07,2024-10-13,12,4.0,8.0,HistGradientBoosting,11.774375056254723,0.2256249437452773
SKU10068,2024-10-07,2024-10-13,32,34.0,24.0,HistGradientBoosting,43.903982394246576,11.903982394246576
SKU10069,2024-10-07,2024-10-13,32,4.0,11.0,HistGradientBoosting,21.09597573186289,10.90402426813711
SKU10070,2024-10-07,2024-10-13,22,19.0,21.0,HistGradientBoosting,35.83527569264503,13.835275692645027
SKU10071,2024-10-07,2024-10-13,41,31.0,13.0,HistGradientBoosting,45.02087703569014,4.020877035690141
SKU10072,2024-10-07,2024-10-13,30,15.0,22.0,HistGradientBoosting,29.161267865286288,0.8387321347137124
SKU10073,2024-10-07,2024-10-13,48,43.0,24.0,HistGradientBoosting,80.03034278812476,32.030342788124756
SKU10074,2024-10-07,2024-10-13,29,12.0,16.0,HistGradientBoosting,43.82715967043862,14.827159670438618
SKU10075,2024-10-07,2024-10-13,60,56.0,195.0,HistGradientBoosting,56.10226859815592,3.8977314018440765
SKU10076,2024-10-07,2024-10-13,75,80.0,45.0,HistGradientBoosting,96.14626993903656,21.146269939036557
SKU10077,2024-10-07,2024-10-13,46,171.0,36.0,HistGradientBoosting,64.6636699254158,18.663669925415803
SKU10078,2024-10-07,2024-10-13,41,63.0,36.0,HistGradientBoosting,58.21056517358788,17.21056517358788
SKU10079,2024-10-07,2024-10-13,29,339.0,29.0,HistGradientBoosting,62.1257013832098,33.1257013832098
SKU10080,2024-10-07,2024-10-13,155,14.0,5.0,HistGradientBoosting,27.219232037231095,127.7807679627689
SKU10081,2024-10-07,2024-10-13,22,8.0,14.0,HistGradientBoosting,37.56652433699473,15.566524336994732
SKU10082,2024-10-07,2024-10-13,439,146.0,151.0,HistGradientBoosting,307.3052344221022,131.69476557789778
SKU10083,2024-10-07,2024-10-13,52,71.0,21.0,HistGradientBoosting,89.52479321022165,37.524793210221645
SKU10084,2024-10-07,2024-10-13,18,20.0,25.0,HistGradientBoosting,22.473753725964503,4.473753725964503
SKU10085,2024-10-07,2024-10-13,42,53.0,9.0,HistGradientBoosting,50.762605543340015,8.762605543340015
SKU10086,2024-10-07,2024-10-13,33,6.0,0.0,HistGradientBoosting,39.32227479158793,6.32227479158793
SKU10087,2024-10-07,2024-10-13,318,238.0,456.0,HistGradientBoosting,377.15524467077444,59.15524467077444
SKU10088,2024-10-07,2024-10-13,7,6.0,1.0,HistGradientBoosting,10.472870547108164,3.4728705471081636
SKU10089,2024-10-07,2024-10-13,6,9.0,8.0,HistGradientBoosting,28.57825092223374,22.57825092223374
SKU10090,2024-10-07,2024-10-13,29,20.0,13.0,HistGradientBoosting,36.85626217826626,7.856262178266263
SKU10091,2024-10-07,2024-10-13,103,40.0,20.0,HistGradientBoosting,58.73820363450079,44.26179636549921
SKU10092,2024-10-07,2024-10-13,367,145.0,208.0,HistGradientBoosting,207.7144859346779,159.2855140653221
SKU10093,2024-10-07,2024-10-13,6,19.0,6.0,HistGradientBoosting,31.525841512134075,25.525841512134075
SKU10094,2024-10-07,2024-10-13,256,111.0,91.0,HistGradientBoosting,139.27439209665326,116.72560790334674
SKU10095,2024-10-07,2024-10-13,113,12.0,4.0,HistGradientBoosting,14.07855242304608,98.92144757695392
SKU10096,2024-10-07,2024-10-13,305,142.0,86.0,HistGradientBoosting,229.65954226208405,75.34045773791595
SKU10097,2024-10-07,2024-10-13,2,4.0,5.0,HistGradientBoosting,10.402886006187568,8.402886006187568
SKU10098,2024-10-07,2024-10-13,3,1.0,0.0,HistGradientBoosting,15.154706129173608,12.154706129173608
SKU10099,2024-10-07,2024-10-13,63,213.0,65.0,HistGradientBoosting,90.12114134366712,27.12114134366712
SKU10100,2024-10-07,2024-10-13,2463,2346.0,2015.0,HistGradientBoosting,2972.8147379135967,509.8147379135967
SKU10101,2024-10-07,2024-10-13,229,216.0,179.0,HistGradientBoosting,307.0006259178105,78.00062591781051
SKU10102,2024-10-07,2024-10-13,49,58.0,22.0,HistGradientBoosting,82.72043523555578,33.72043523555578
SKU10103,2024-10-07,2024-10-13,356,362.0,511.0,HistGradientBoosting,375.10412525021843,19.10412525021843
SKU10104,2024-10-07,2024-10-13,7,1.0,10.0,HistGradientBoosting,8.887448919299645,1.8874489192996453
SKU10105,2024-10-07,2024-10-13,823,1139.0,672.0,HistGradientBoosting,882.6507482389102,59.65074823891018
SKU10106,2024-10-07,2024-10-13,23,33.0,27.0,HistGradientBoosting,60.216654640301634,37.216654640301634
SKU10107,2024-10-07,2024-10-13,67,181.0,86.0,HistGradientBoosting,103.15339338606907,36.15339338606907
SKU10108,2024-10-07,2024-10-13,133,136.0,70.0,HistGradientBoosting,147.73300981489922,14.73300981489922
SKU10109,2024-10-07,2024-10-13,56,274.0,50.0,HistGradientBoosting,118.98577403334716,62.985774033347155
SKU10110,2024-10-07,2024-10-13,49,233.0,20.0,HistGradientBoosting,54.852434302682916,5.852434302682916
SKU10111,2024-10-07,2024-10-13,19,40.0,34.0,HistGradientBoosting,77.83750076531163,58.83750076531163
SKU10112,2024-10-07,2024-10-13,142,273.0,151.0,HistGradientBoosting,181.01478994621954,39.01478994621954
SKU10113,2024-10-07,2024-10-13,7,14.0,5.0,HistGradientBoosting,17.05908022161643,10.05908022161643
SKU10114,2024-10-07,2024-10-13,984,588.0,301.0,HistGradientBoosting,814.088280974527,169.91171902547296
SKU10115,2024-10-07,2024-10-13,64,105.0,85.0,HistGradientBoosting,97.35327997900795,33.35327997900795
SKU10116,2024-10-07,2024-10-13,105,9.0,15.0,HistGradientBoosting,36.399392255608575,68.60060774439143
SKU10117,2024-10-07,2024-10-13,241,79.0,54.0,HistGradientBoosting,136.60558477317386,104.39441522682614
SKU10118,2024-10-07,2024-10-13,63,35.0,37.0,HistGradientBoosting,65.21144163324159,2.2114416332415914
SKU10119,2024-10-07,2024-10-13,78,45.0,52.0,HistGradientBoosting,93.15208877649941,15.152088776499411
SKU10120,2024-10-07,2024-10-13,98,54.0,44.0,HistGradientBoosting,123.75596747907592,25.75596747907592
SKU10121,2024-10-07,2024-10-13,10,19.0,14.0,HistGradientBoosting,9.689272537772185,0.3107274622278151
SKU10122,2024-10-07,2024-10-13,25,36.0,13.0,HistGradientBoosting,71.06132992999922,46.06132992999922
SKU10123,2024-10-07,2024-10-13,684,634.0,178.0,HistGradientBoosting,368.76455766729646,315.23544233270354
SKU10124,2024-10-07,2024-10-13,19,6.0,29.0,HistGradientBoosting,22.751227776487887,3.7512277764878874
SKU10125,2024-10-07,2024-10-13,68,187.0,44.0,HistGradientBoosting,85.77135674490599,17.771356744905987
SKU10126,2024-10-07,2024-10-13,24,32.0,29.0,HistGradientBoosting,25.01786714474909,1.01786714474909
SKU10127,2024-10-07,2024-10-13,20,49.0,23.0,HistGradientBoosting,53.20394291106904,33.20394291106904
SKU10128,2024-10-07,2024-10-13,149,24.0,27.0,HistGradientBoosting,69.06924126856059,79.93075873143941
SKU10129,2024-10-07,2024-10-13,37,214.0,51.0,HistGradientBoosting,69.82924722588227,32.82924722588227
SKU10130,2024-10-07,2024-10-13,9,145.0,23.0,HistGradientBoosting,58.02510324014923,49.02510324014923
SKU10131,2024-10-07,2024-10-13,63,193.0,335.0,HistGradientBoosting,106.39214274324463,43.392142743244634
SKU10132,2024-10-07,2024-10-13,7,0.0,7.0,HistGradientBoosting,9.356472148953944,2.3564721489539444
SKU10133,2024-10-07,2024-10-13,19,31.0,3.0,HistGradientBoosting,21.377079364322373,2.3770793643223733
SKU10134,2024-10-07,2024-10-13,0,2.0,0.0,HistGradientBoosting,11.194313574424315,11.194313574424315
SKU10135,2024-10-07,2024-10-13,10,12.0,13.0,HistGradientBoosting,19.82899393033623,9.828993930336232
SKU10136,2024-10-07,2024-10-13,38,32.0,38.0,HistGradientBoosting,59.543013134861056,21.543013134861056
SKU10137,2024-10-07,2024-10-13,41,118.0,36.0,HistGradientBoosting,111.69908710790956,70.69908710790956
SKU10138,2024-10-07,2024-10-13,326,285.0,92.0,HistGradientBoosting,145.19437278811372,180.80562721188628
SKU10139,2024-10-07,2024-10-13,11,90.0,6.0,HistGradientBoosting,22.99454058174697,11.994540581746971
SKU10140,2024-10-07,2024-10-13,338,393.0,189.0,HistGradientBoosting,187.00401925333233,150.99598074666767
SKU10141,2024-10-07,2024-10-13,76,412.0,146.0,HistGradientBoosting,123.35975952324547,47.35975952324547
SKU10142,2024-10-07,2024-10-13,17,35.0,28.0,HistGradientBoosting,37.88759286544116,20.887592865441157
SKU10143,2024-10-07,2024-10-13,429,314.0,379.0,HistGradientBoosting,363.13551269155215,65.86448730844785
SKU10144,2024-10-07,2024-10-13,1519,1260.0,1288.0,HistGradientBoosting,1131.207005309653,387.7929946903471
SKU10145,2024-10-07,2024-10-13,15,10.0,18.0,HistGradientBoosting,17.749953144850945,2.749953144850945
SKU10146,2024-10-07,2024-10-13,22,25.0,21.0,HistGradientBoosting,46.338723056632645,24.338723056632645
SKU10147,2024-10-07,2024-10-13,378,255.0,148.0,HistGradientBoosting,281.70521080825347,96.29478919174653
SKU10148,2024-10-07,2024-10-13,64,72.0,29.0,HistGradientBoosting,109.20542212573096,45.20542212573096
SKU10149,2024-10-07,2024-10-13,15,0.0,1.0,HistGradientBoosting,7.05241724225573,7.94758275774427
SKU10000,2024-10-14,2024-10-20,169,228.0,94.0,HistGradientBoosting,157.7434776884271,11.256522311572894
SKU10001,2024-10-14,2024-10-20,31,132.0,198.0,HistGradientBoosting,46.10427524864582,15.10427524864582
SKU10002,2024-10-14,2024-10-20,135,202.0,82.0,HistGradientBoosting,209.6933368801799,74.69333688017991
SKU10003,2024-10-14,2024-10-20,79,176.0,83.0,HistGradientBoosting,92.83612135600842,13.83612135600842
SKU10004,2024-10-14,2024-10-20,4,6.0,3.0,HistGradientBoosting,20.979169553652987,16.979169553652987
SKU10005,2024-10-14,2024-10-20,9,2.0,4.0,HistGradientBoosting,11.876358673685953,2.876358673685953
SKU10006,2024-10-14,2024-10-20,67,46.0,59.0,HistGradientBoosting,82.53741377345605,15.537413773456052
SKU10007,2024-10-14,2024-10-20,29,174.0,9.0,HistGradientBoosting,47.52092381737071,18.520923817370708
SKU10008,2024-10-14,2024-10-20,24,13.0,16.0,HistGradientBoosting,33.42349086669444,9.423490866694443
SKU10009,2024-10-14,2024-10-20,228,66.0,31.0,HistGradientBoosting,67.19902389608956,160.80097610391044
SKU10010,2024-10-14,2024-10-20,33,105.0,21.0,HistGradientBoosting,33.6708404178386,0.6708404178385976
SKU10011,2024-10-14,2024-10-20,57,66.0,25.0,HistGradientBoosting,66.52919052432007,9.529190524320072
SKU10012,2024-10-14,2024-10-20,33,28.0,22.0,HistGradientBoosting,54.11116815030115,21.111168150301147
SKU10013,2024-10-14,2024-10-20,39,39.0,121.0,HistGradientBoosting,71.36744983539887,32.36744983539887
SKU10014,2024-10-14,2024-10-20,30,39.0,16.0,HistGradientBoosting,45.36092188341996,15.360921883419962
SKU10015,2024-10-14,2024-10-20,90,59.0,56.0,HistGradientBoosting,104.43824299622011,14.438242996220112
SKU10016,2024-10-14,2024-10-20,155,11.0,12.0,HistGradientBoosting,15.766777091133232,139.23322290886676
SKU10017,2024-10-14,2024-10-20,70,71.0,63.0,HistGradientBoosting,78.68457738891101,8.68457738891101
SKU10018,2024-10-14,2024-10-20,122,141.0,19.0,HistGradientBoosting,43.98919854530686,78.01080145469314
SKU10019,2024-10-14,2024-10-20,469,142.0,163.0,HistGradientBoosting,262.3809423646739,206.6190576353261
SKU10020,2024-10-14,2024-10-20,44,47.0,22.0,HistGradientBoosting,54.30143365467432,10.30143365467432
SKU10021,2024-10-14,2024-10-20,1229,802.0,686.0,HistGradientBoosting,886.3766098618463,342.6233901381537
SKU10022,2024-10-14,2024-10-20,46,40.0,58.0,HistGradientBoosting,62.6252523873239,16.625252387323897
SKU10023,2024-10-14,2024-10-20,17,12.0,11.0,HistGradientBoosting,21.11307604793945,4.113076047939451
SKU10024,2024-10-14,2024-10-20,227,76.0,141.0,HistGradientBoosting,175.2211575069827,51.778842493017294
SKU10025,2024-10-14,2024-10-20,16,11.0,20.0,HistGradientBoosting,28.67864466438073,12.67864466438073
SKU10026,2024-10-14,2024-10-20,18,31.0,19.0,HistGradientBoosting,36.13830658488858,18.138306584888582
SKU10027,2024-10-14,2024-10-20,8,153.0,8.0,HistGradientBoosting,14.69692696519647,6.69692696519647
SKU10028,2024-10-14,2024-10-20,26,49.0,74.0,HistGradientBoosting,75.19702389857225,49.197023898572255
SKU10029,2024-10-14,2024-10-20,37,44.0,21.0,HistGradientBoosting,59.32763193293819,22.32763193293819
SKU10030,2024-10-14,2024-10-20,49,18.0,4.0,HistGradientBoosting,36.28795238003498,12.71204761996502
SKU10031,2024-10-14,2024-10-20,361,288.0,288.0,HistGradientBoosting,325.91953781813913,35.08046218186087
SKU10032,2024-10-14,2024-10-20,19,7.0,3.0,HistGradientBoosting,12.326855249568606,6.673144750431394
SKU10033,2024-10-14,2024-10-20,12,33.0,2.0,HistGradientBoosting,33.338813782870744,21.338813782870744
SKU10034,2024-10-14,2024-10-20,31,11.0,14.0,HistGradientBoosting,21.63882568861814,9.361174311381859
SKU10035,2024-10-14,2024-10-20,13,14.0,3.0,HistGradientBoosting,17.471921686618117,4.471921686618117
SKU10036,2024-10-14,2024-10-20,33,34.0,223.0,HistGradientBoosting,49.06949487350015,16.069494873500147
SKU10037,2024-10-14,2024-10-20,251,194.0,71.0,HistGradientBoosting,126.10544251653562,124.89455748346438
SKU10038,2024-10-14,2024-10-20,247,47.0,45.0,HistGradientBoosting,76.6426701790228,170.3573298209772
SKU10039,2024-10-14,2024-10-20,18,9.0,6.0,HistGradientBoosting,28.242161384264634,10.242161384264634
SKU10040,2024-10-14,2024-10-20,33,23.0,11.0,HistGradientBoosting,35.82950037814221,2.829500378142207
SKU10041,2024-10-14,2024-10-20,0,7.0,4.0,HistGradientBoosting,9.427758500569361,9.427758500569361
SKU10042,2024-10-14,2024-10-20,191,157.0,308.0,HistGradientBoosting,234.1243759942109,43.12437599421091
SKU10043,2024-10-14,2024-10-20,3,6.0,188.0,HistGradientBoosting,12.829065489224888,9.829065489224888
SKU10044,2024-10-14,2024-10-20,46,149.0,39.0,HistGradientBoosting,91.8517210768773,45.8517210768773
SKU10045,2024-10-14,2024-10-20,1605,1433.0,769.0,HistGradientBoosting,1413.8030632672649,191.19693673273514
SKU10046,2024-10-14,2024-10-20,47,237.0,35.0,HistGradientBoosting,47.418444947628124,0.41844494762812445
SKU10047,2024-10-14,2024-10-20,423,183.0,503.0,HistGradientBoosting,404.33285849065066,18.667141509349335
SKU10048,2024-10-14,2024-10-20,10,16.0,11.0,HistGradientBoosting,31.835841470948804,21.835841470948804
SKU10049,2024-10-14,2024-10-20,88,62.0,80.0,HistGradientBoosting,112.25437031470354,24.254370314703536
SKU10050,2024-10-14,2024-10-20,29,40.0,33.0,HistGradientBoosting,64.90141288678026,35.901412886780264
SKU10051,2024-10-14,2024-10-20,65,198.0,263.0,HistGradientBoosting,130.28185619675543,65.28185619675543
SKU10052,2024-10-14,2024-10-20,14,5.0,5.0,HistGradientBoosting,10.358914445068052,3.641085554931948
SKU10053,2024-10-14,2024-10-20,4,6.0,3.0,HistGradientBoosting,11.80108423485796,7.80108423485796
SKU10054,2024-10-14,2024-10-20,17,12.0,3.0,HistGradientBoosting,22.78992369461382,5.789923694613819
SKU10055,2024-10-14,2024-10-20,137,39.0,54.0,HistGradientBoosting,74.16914079831507,62.83085920168493
SKU10056,2024-10-14,2024-10-20,343,273.0,72.0,HistGradientBoosting,211.47850904964352,131.52149095035648
SKU10057,2024-10-14,2024-10-20,72,107.0,151.0,HistGradientBoosting,119.97334768206528,47.97334768206528
SKU10058,2024-10-14,2024-10-20,0,3.0,169.0,HistGradientBoosting,17.728671539188323,17.728671539188323
SKU10059,2024-10-14,2024-10-20,648,115.0,273.0,HistGradientBoosting,232.30180782107178,415.69819217892825
SKU10060,2024-10-14,2024-10-20,23,13.0,11.0,HistGradientBoosting,41.09416309534468,18.094163095344683
SKU10061,2024-10-14,2024-10-20,40,26.0,28.0,HistGradientBoosting,41.26702128130819,1.267021281308189
SKU10062,2024-10-14,2024-10-20,6,2.0,11.0,HistGradientBoosting,9.658236886863278,3.6582368868632784
SKU10063,2024-10-14,2024-10-20,203,184.0,112.0,HistGradientBoosting,123.58321325602317,79.41678674397683
SKU10064,2024-10-14,2024-10-20,2,16.0,5.0,HistGradientBoosting,15.474591523937548,13.474591523937548
SKU10065,2024-10-14,2024-10-20,36,121.0,31.0,HistGradientBoosting,85.15404769534365,49.15404769534365
SKU10066,2024-10-14,2024-10-20,249,122.0,280.0,HistGradientBoosting,176.19347613509052,72.80652386490948
SKU10067,2024-10-14,2024-10-20,7,12.0,11.0,HistGradientBoosting,16.157177085702447,9.157177085702447
SKU10068,2024-10-14,2024-10-20,49,32.0,37.0,HistGradientBoosting,48.085414969771485,0.9145850302285154
SKU10069,2024-10-14,2024-10-20,144,32.0,9.0,HistGradientBoosting,19.371280979452212,124.62871902054779
SKU10070,2024-10-14,2024-10-20,14,22.0,21.0,HistGradientBoosting,56.20628730081356,42.20628730081356
SKU10071,2024-10-14,2024-10-20,26,41.0,34.0,HistGradientBoosting,64.427796494217,38.427796494217006
SKU10072,2024-10-14,2024-10-20,19,30.0,13.0,HistGradientBoosting,21.74866915423774,2.7486691542377386
SKU10073,2024-10-14,2024-10-20,44,48.0,105.0,HistGradientBoosting,80.83603828683464,36.836038286834636
SKU10074,2024-10-14,2024-10-20,23,29.0,44.0,HistGradientBoosting,51.84562459343298,28.84562459343298
SKU10075,2024-10-14,2024-10-20,60,60.0,37.0,HistGradientBoosting,79.26172508731756,19.261725087317558
SKU10076,2024-10-14,2024-10-20,153,75.0,71.0,HistGradientBoosting,117.03198969586856,35.96801030413144
SKU10077,2024-10-14,2024-10-20,38,46.0,41.0,HistGradientBoosting,59.12509487167694,21.125094871676943
SKU10078,2024-10-14,2024-10-20,42,41.0,220.0,HistGradientBoosting,78.58870563406245,36.58870563406245
SKU10079,2024-10-14,2024-10-20,116,29.0,43.0,HistGradientBoosting,59.6385391632385,56.3614608367615
SKU10080,2024-10-14,2024-10-20,20,155.0,23.0,HistGradientBoosting,38.43413920306422,18.43413920306422
SKU10081,2024-10-14,2024-10-20,36,22.0,26.0,HistGradientBoosting,34.89669425963695,1.103305740363048
SKU10082,2024-10-14,2024-10-20,248,439.0,476.0,HistGradientBoosting,253.70835231188198,5.708352311881981
SKU10083,2024-10-14,2024-10-20,232,52.0,30.0,HistGradientBoosting,87.58586464864875,144.41413535135126
SKU10084,2024-10-14,2024-10-20,16,18.0,3.0,HistGradientBoosting,21.217014424851342,5.217014424851342
SKU10085,2024-10-14,2024-10-20,34,42.0,17.0,HistGradientBoosting,59.5751120965148,25.5751120965148
SKU10086,2024-10-14,2024-10-20,26,33.0,208.0,HistGradientBoosting,38.72028499693141,12.720284996931412
SKU10087,2024-10-14,2024-10-20,320,318.0,238.0,HistGradientBoosting,414.5847618481616,94.58476184816158
SKU10088,2024-10-14,2024-10-20,4,7.0,4.0,HistGradientBoosting,12.359880689165795,8.359880689165795
SKU10089,2024-10-14,2024-10-20,23,6.0,21.0,HistGradientBoosting,38.327218446054566,15.327218446054566
SKU10090,2024-10-14,2024-10-20,37,29.0,9.0,HistGradientBoosting,54.95578052662928,17.955780526629283
SKU10091,2024-10-14,2024-10-20,53,103.0,24.0,HistGradientBoosting,60.04196768792749,7.041967687927489
SKU10092,2024-10-14,2024-10-20,156,367.0,109.0,HistGradientBoosting,179.44130942263996,23.44130942263996
SKU10093,2024-10-14,2024-10-20,8,6.0,11.0,HistGradientBoosting,12.973793592566222,4.973793592566222
SKU10094,2024-10-14,2024-10-20,152,256.0,161.0,HistGradientBoosting,140.30857014310232,11.691429856897685
SKU10095,2024-10-14,2024-10-20,8,113.0,12.0,HistGradientBoosting,15.878671624740871,7.878671624740871
SKU10096,2024-10-14,2024-10-20,181,305.0,270.0,HistGradientBoosting,238.15536002637072,57.155360026370715
SKU10097,2024-10-14,2024-10-20,6,2.0,4.0,HistGradientBoosting,13.394078081423343,7.394078081423343
SKU10098,2024-10-14,2024-10-20,0,3.0,5.0,HistGradientBoosting,8.60262568328981,8.60262568328981
SKU10099,2024-10-14,2024-10-20,74,63.0,61.0,HistGradientBoosting,96.91968811940542,22.91968811940542
SKU10100,2024-10-14,2024-10-20,3018,2463.0,2338.0,HistGradientBoosting,2609.334222778622,408.665777221378
SKU10101,2024-10-14,2024-10-20,240,229.0,450.0,HistGradientBoosting,282.9251011152862,42.925101115286225
SKU10102,2024-10-14,2024-10-20,60,49.0,58.0,HistGradientBoosting,120.0438694725327,60.043869472532705
SKU10103,2024-10-14,2024-10-20,274,356.0,150.0,HistGradientBoosting,374.4515144717884,100.45151447178841
SKU10104,2024-10-14,2024-10-20,10,7.0,7.0,HistGradientBoosting,9.311999111668145,0.6880008883318549
SKU10105,2024-10-14,2024-10-20,703,823.0,428.0,HistGradientBoosting,753.2698531691209,50.26985316912089
SKU10106,2024-10-14,2024-10-20,15,23.0,25.0,HistGradientBoosting,68.03105683792354,53.03105683792354
SKU10107,2024-10-14,2024-10-20,242,67.0,242.0,HistGradientBoosting,114.39344917510653,127.60655082489347
SKU10108,2024-10-14,2024-10-20,215,133.0,90.0,HistGradientBoosting,159.28943878013874,55.71056121986126
SKU10109,2024-10-14,2024-10-20,132,56.0,56.0,HistGradientBoosting,98.08022206393944,33.919777936060555
SKU10110,2024-10-14,2024-10-20,50,49.0,25.0,HistGradientBoosting,45.215698630867756,4.784301369132244
SKU10111,2024-10-14,2024-10-20,31,19.0,60.0,HistGradientBoosting,50.20118187871635,19.201181878716348
SKU10112,2024-10-14,2024-10-20,194,142.0,104.0,HistGradientBoosting,197.1244424440257,3.1244424440257035
SKU10113,2024-10-14,2024-10-20,10,7.0,8.0,HistGradientBoosting,14.268279167470176,4.268279167470176
SKU10114,2024-10-14,2024-10-20,754,984.0,548.0,HistGradientBoosting,824.9193854264014,70.91938542640139
SKU10115,2024-10-14,2024-10-20,60,64.0,53.0,HistGradientBoosting,121.20066846620679,61.20066846620679
SKU10116,2024-10-14,2024-10-20,9,105.0,3.0,HistGradientBoosting,16.11319636682734,7.113196366827339
SKU10117,2024-10-14,2024-10-20,84,241.0,146.0,HistGradientBoosting,124.00058376463778,40.00058376463778
SKU10118,2024-10-14,2024-10-20,226,63.0,27.0,HistGradientBoosting,58.25064460428659,167.7493553957134
SKU10119,2024-10-14,2024-10-20,106,78.0,70.0,HistGradientBoosting,89.72566295815447,16.274337041845527
SKU10120,2024-10-14,2024-10-20,190,98.0,66.0,HistGradientBoosting,160.9078685953953,29.092131404604686
SKU10121,2024-10-14,2024-10-20,14,10.0,24.0,HistGradientBoosting,12.133161677407422,1.866838322592578
SKU10122,2024-10-14,2024-10-20,53,25.0,14.0,HistGradientBoosting,53.43849913295356,0.43849913295355947
SKU10123,2024-10-14,2024-10-20,515,684.0,179.0,HistGradientBoosting,359.4938652399827,155.5061347600173
SKU10124,2024-10-14,2024-10-20,22,19.0,19.0,HistGradientBoosting,29.055660071706104,7.055660071706104
SKU10125,2024-10-14,2024-10-20,144,68.0,42.0,HistGradientBoosting,87.58637543783833,56.41362456216167
SKU10126,2024-10-14,2024-10-20,38,24.0,15.0,HistGradientBoosting,28.623098112310913,9.376901887689087
SKU10127,2024-10-14,2024-10-20,48,20.0,135.0,HistGradientBoosting,43.92259710150984,4.077402898490163
SKU10128,2024-10-14,2024-10-20,23,149.0,33.0,HistGradientBoosting,73.58349394716716,50.583493947167156
SKU10129,2024-10-14,2024-10-20,68,37.0,27.0,HistGradientBoosting,51.04985785036993,16.950142149630068
SKU10130,2024-10-14,2024-10-20,15,9.0,14.0,HistGradientBoosting,22.304182138542135,7.304182138542135
SKU10131,2024-10-14,2024-10-20,74,63.0,118.0,HistGradientBoosting,118.69866987460432,44.69866987460432
SKU10132,2024-10-14,2024-10-20,23,7.0,8.0,HistGradientBoosting,10.506238565388362,12.493761434611638
SKU10133,2024-10-14,2024-10-20,5,19.0,8.0,HistGradientBoosting,15.782229993125213,10.782229993125213
SKU10134,2024-10-14,2024-10-20,2,0.0,1.0,HistGradientBoosting,11.67694249312924,9.67694249312924
SKU10135,2024-10-14,2024-10-20,7,10.0,6.0,HistGradientBoosting,11.297197141318225,4.297197141318225
SKU10136,2024-10-14,2024-10-20,44,38.0,37.0,HistGradientBoosting,61.0363885071398,17.036388507139797
SKU10137,2024-10-14,2024-10-20,55,41.0,183.0,HistGradientBoosting,104.34156701589268,49.34156701589268
SKU10138,2024-10-14,2024-10-20,104,326.0,74.0,HistGradientBoosting,158.3079887500732,54.30798875007321
SKU10139,2024-10-14,2024-10-20,3,11.0,0.0,HistGradientBoosting,15.709186528763057,12.709186528763057
SKU10140,2024-10-14,2024-10-20,127,338.0,87.0,HistGradientBoosting,187.64572237282528,60.645722372825276
SKU10141,2024-10-14,2024-10-20,80,76.0,49.0,HistGradientBoosting,129.73243242868807,49.73243242868807
SKU10142,2024-10-14,2024-10-20,13,17.0,12.0,HistGradientBoosting,45.56018968031674,32.56018968031674
SKU10143,2024-10-14,2024-10-20,653,429.0,335.0,HistGradientBoosting,340.94835527785847,312.05164472214153
SKU10144,2024-10-14,2024-10-20,1612,1519.0,785.0,HistGradientBoosting,1292.0429605541296,319.95703944587035
SKU10145,2024-10-14,2024-10-20,27,15.0,11.0,HistGradientBoosting,16.730977414929338,10.269022585070662
SKU10146,2024-10-14,2024-10-20,22,22.0,16.0,HistGradientBoosting,30.725850570083857,8.725850570083857
SKU10147,2024-10-14,2024-10-20,490,378.0,367.0,HistGradientBoosting,361.0937479205353,128.9062520794647
SKU10148,2024-10-14,2024-10-20,69,64.0,48.0,HistGradientBoosting,107.42496799865043,38.42496799865043
SKU10149,2024-10-14,2024-10-20,2,15.0,7.0,HistGradientBoosting,10.493055515402407,8.493055515402407
SKU10000,2024-10-21,2024-10-27,287,169.0,121.0,HistGradientBoosting,156.6941312303526,130.3058687696474
SKU10001,2024-10-21,2024-10-27,24,31.0,13.0,HistGradientBoosting,68.0581708276252,44.058170827625204
SKU10002,2024-10-21,2024-10-27,449,135.0,365.0,HistGradientBoosting,226.58240810616888,222.41759189383112
SKU10003,2024-10-21,2024-10-27,277,79.0,90.0,HistGradientBoosting,99.63064491564857,177.3693550843514
SKU10004,2024-10-21,2024-10-27,5,4.0,0.0,HistGradientBoosting,9.80886999610443,4.8088699961044306
SKU10005,2024-10-21,2024-10-27,4,9.0,5.0,HistGradientBoosting,10.939170951799776,6.939170951799776
SKU10006,2024-10-21,2024-10-27,80,67.0,31.0,HistGradientBoosting,85.43112284605438,5.431122846054379
SKU10007,2024-10-21,2024-10-27,168,29.0,38.0,HistGradientBoosting,44.52780382360506,123.47219617639493
SKU10008,2024-10-21,2024-10-27,10,24.0,18.0,HistGradientBoosting,21.352606963808604,11.352606963808604
SKU10009,2024-10-21,2024-10-27,60,228.0,51.0,HistGradientBoosting,69.26689074528016,9.266890745280165
SKU10010,2024-10-21,2024-10-27,8,33.0,24.0,HistGradientBoosting,44.123194971799954,36.123194971799954
SKU10011,2024-10-21,2024-10-27,236,57.0,25.0,HistGradientBoosting,62.673284390712176,173.32671560928782
SKU10012,2024-10-21,2024-10-27,44,33.0,16.0,HistGradientBoosting,43.36143572761965,0.63856427238035
SKU10013,2024-10-21,2024-10-27,104,39.0,118.0,HistGradientBoosting,65.65082689243278,38.349173107567225
SKU10014,2024-10-21,2024-10-27,25,30.0,13.0,HistGradientBoosting,36.77299957763585,11.77299957763585
SKU10015,2024-10-21,2024-10-27,170,90.0,56.0,HistGradientBoosting,117.54632329600621,52.45367670399379
SKU10016,2024-10-21,2024-10-27,0,155.0,12.0,HistGradientBoosting,19.221465594884762,19.221465594884762
SKU10017,2024-10-21,2024-10-27,80,70.0,30.0,HistGradientBoosting,71.27176189704572,8.728238102954279
SKU10018,2024-10-21,2024-10-27,22,122.0,21.0,HistGradientBoosting,55.69456654583588,33.69456654583588
SKU10019,2024-10-21,2024-10-27,228,469.0,403.0,HistGradientBoosting,261.0526584138744,33.05265841387438
SKU10020,2024-10-21,2024-10-27,29,44.0,129.0,HistGradientBoosting,64.50147564956835,35.50147564956835
SKU10021,2024-10-21,2024-10-27,770,1229.0,859.0,HistGradientBoosting,800.0252304115364,30.025230411536427
SKU10022,2024-10-21,2024-10-27,31,46.0,42.0,HistGradientBoosting,60.96445128004841,29.964451280048408
SKU10023,2024-10-21,2024-10-27,11,17.0,16.0,HistGradientBoosting,19.9929891530779,8.9929891530779
SKU10024,2024-10-21,2024-10-27,439,227.0,254.0,HistGradientBoosting,181.00176590107066,257.99823409892934
SKU10025,2024-10-21,2024-10-27,15,16.0,9.0,HistGradientBoosting,23.438801762745054,8.438801762745054
SKU10026,2024-10-21,2024-10-27,11,18.0,168.0,HistGradientBoosting,38.075316443816746,27.075316443816746
SKU10027,2024-10-21,2024-10-27,5,8.0,1.0,HistGradientBoosting,24.041176347689863,19.041176347689863
SKU10028,2024-10-21,2024-10-27,58,26.0,40.0,HistGradientBoosting,52.81928746403412,5.180712535965881
SKU10029,2024-10-21,2024-10-27,44,37.0,36.0,HistGradientBoosting,58.94350052299206,14.94350052299206
SKU10030,2024-10-21,2024-10-27,37,49.0,16.0,HistGradientBoosting,36.826807169147585,0.17319283085241466
SKU10031,2024-10-21,2024-10-27,263,361.0,210.0,HistGradientBoosting,273.0699219389742,10.069921938974176
SKU10032,2024-10-21,2024-10-27,17,19.0,1.0,HistGradientBoosting,10.516641998799143,6.483358001200857
SKU10033,2024-10-21,2024-10-27,15,12.0,35.0,HistGradientBoosting,26.013314707521264,11.013314707521264
SKU10034,2024-10-21,2024-10-27,183,31.0,22.0,HistGradientBoosting,33.56060354268212,149.43939645731788
SKU10035,2024-10-21,2024-10-27,4,13.0,2.0,HistGradientBoosting,15.181349554907658,11.181349554907658
SKU10036,2024-10-21,2024-10-27,191,33.0,27.0,HistGradientBoosting,66.10443224927587,124.89556775072413
SKU10037,2024-10-21,2024-10-27,63,251.0,75.0,HistGradientBoosting,101.00424133835055,38.00424133835055
SKU10038,2024-10-21,2024-10-27,24,247.0,33.0,HistGradientBoosting,74.30584499532007,50.30584499532007
SKU10039,2024-10-21,2024-10-27,3,18.0,5.0,HistGradientBoosting,29.122192805228575,26.122192805228575
SKU10040,2024-10-21,2024-10-27,23,33.0,21.0,HistGradientBoosting,50.24427948900297,27.24427948900297
SKU10041,2024-10-21,2024-10-27,7,0.0,121.0,HistGradientBoosting,10.390171304685788,3.390171304685788
SKU10042,2024-10-21,2024-10-27,170,191.0,326.0,HistGradientBoosting,243.26096352685946,73.26096352685946
SKU10043,2024-10-21,2024-10-27,15,3.0,14.0,HistGradientBoosting,11.374921046280328,3.6250789537196724
SKU10044,2024-10-21,2024-10-27,128,46.0,46.0,HistGradientBoosting,75.78095976748585,52.219040232514146
SKU10045,2024-10-21,2024-10-27,1197,1605.0,1085.0,HistGradientBoosting,1359.7488824904995,162.74888249049945
SKU10046,2024-10-21,2024-10-27,20,47.0,30.0,HistGradientBoosting,67.74295566645362,47.742955666453625
SKU10047,2024-10-21,2024-10-27,547,423.0,276.0,HistGradientBoosting,472.3036773264454,74.69632267355462
SKU10048,2024-10-21,2024-10-27,16,10.0,16.0,HistGradientBoosting,12.167796606977403,3.8322033930225974
SKU10049,2024-10-21,2024-10-27,166,88.0,54.0,HistGradientBoosting,115.24460521898065,50.75539478101935
SKU10050,2024-10-21,2024-10-27,16,29.0,22.0,HistGradientBoosting,63.990871155747506,47.990871155747506
SKU10051,2024-10-21,2024-10-27,76,65.0,85.0,HistGradientBoosting,123.72873739327818,47.72873739327818
SKU10052,2024-10-21,2024-10-27,9,14.0,4.0,HistGradientBoosting,13.469050071574493,4.469050071574493
SKU10053,2024-10-21,2024-10-27,130,4.0,7.0,HistGradientBoosting,16.577618225058124,113.42238177494187
SKU10054,2024-10-21,2024-10-27,7,17.0,12.0,HistGradientBoosting,12.516378471827984,5.516378471827984
SKU10055,2024-10-21,2024-10-27,309,137.0,119.0,HistGradientBoosting,80.92280176765904,228.07719823234095
SKU10056,2024-10-21,2024-10-27,334,343.0,129.0,HistGradientBoosting,219.06952452471845,114.93047547528155
SKU10057,2024-10-21,2024-10-27,381,72.0,76.0,HistGradientBoosting,100.69299223186792,280.30700776813205
SKU10058,2024-10-21,2024-10-27,1,0.0,11.0,HistGradientBoosting,11.75020689799019,10.75020689799019
SKU10059,2024-10-21,2024-10-27,188,648.0,108.0,HistGradientBoosting,248.43982953376377,60.43982953376377
SKU10060,2024-10-21,2024-10-27,24,23.0,21.0,HistGradientBoosting,36.52128925227154,12.521289252271544
SKU10061,2024-10-21,2024-10-27,15,40.0,18.0,HistGradientBoosting,36.54808040820533,21.54808040820533
SKU10062,2024-10-21,2024-10-27,9,6.0,3.0,HistGradientBoosting,12.049672131538664,3.0496721315386637
SKU10063,2024-10-21,2024-10-27,177,203.0,119.0,HistGradientBoosting,127.32215254665854,49.67784745334146
SKU10064,2024-10-21,2024-10-27,4,2.0,13.0,HistGradientBoosting,15.612860384922483,11.612860384922483
SKU10065,2024-10-21,2024-10-27,172,36.0,53.0,HistGradientBoosting,68.18646577431113,103.81353422568887
SKU10066,2024-10-21,2024-10-27,144,249.0,273.0,HistGradientBoosting,212.5668266142407,68.56682661424071
SKU10067,2024-10-21,2024-10-27,2,7.0,11.0,HistGradientBoosting,14.097784457720914,12.097784457720914
SKU10068,2024-10-21,2024-10-27,164,49.0,39.0,HistGradientBoosting,53.12153975218043,110.87846024781956
SKU10069,2024-10-21,2024-10-27,26,144.0,10.0,HistGradientBoosting,31.01100181227437,5.011001812274369
SKU10070,2024-10-21,2024-10-27,7,14.0,4.0,HistGradientBoosting,52.649841600112495,45.649841600112495
SKU10071,2024-10-21,2024-10-27,29,26.0,29.0,HistGradientBoosting,41.30702274307441,12.307022743074413
SKU10072,2024-10-21,2024-10-27,32,19.0,78.0,HistGradientBoosting,29.611359544745778,2.3886404552542224
SKU10073,2024-10-21,2024-10-27,197,44.0,48.0,HistGradientBoosting,71.65028221906526,125.34971778093474
SKU10074,2024-10-21,2024-10-27,25,23.0,150.0,HistGradientBoosting,62.79713214907657,37.79713214907657
SKU10075,2024-10-21,2024-10-27,56,60.0,45.0,HistGradientBoosting,65.77823568567793,9.778235685677927
SKU10076,2024-10-21,2024-10-27,260,153.0,66.0,HistGradientBoosting,124.02312713824026,135.97687286175974
SKU10077,2024-10-21,2024-10-27,71,38.0,21.0,HistGradientBoosting,54.928000367736225,16.071999632263775
SKU10078,2024-10-21,2024-10-27,232,42.0,40.0,HistGradientBoosting,73.62622474440296,158.37377525559702
SKU10079,2024-10-21,2024-10-27,36,116.0,121.0,HistGradientBoosting,53.373266308057076,17.373266308057076
SKU10080,2024-10-21,2024-10-27,20,20.0,25.0,HistGradientBoosting,38.65615164536604,18.656151645366037
SKU10081,2024-10-21,2024-10-27,30,36.0,28.0,HistGradientBoosting,45.01752808294812,15.017528082948118
SKU10082,2024-10-21,2024-10-27,188,248.0,449.0,HistGradientBoosting,269.6970579617973,81.69705796179733
SKU10083,2024-10-21,2024-10-27,249,232.0,50.0,HistGradientBoosting,70.17374846476768,178.8262515352323
SKU10084,2024-10-21,2024-10-27,23,16.0,167.0,HistGradientBoosting,16.41231056442999,6.5876894355700095
SKU10085,2024-10-21,2024-10-27,47,34.0,24.0,HistGradientBoosting,54.04588183323509,7.045881833235093
SKU10086,2024-10-21,2024-10-27,10,26.0,19.0,HistGradientBoosting,54.47544653677522,44.47544653677522
SKU10087,2024-10-21,2024-10-27,311,320.0,356.0,HistGradientBoosting,348.3453775656219,37.3453775656219
SKU10088,2024-10-21,2024-10-27,6,4.0,2.0,HistGradientBoosting,10.741674661333658,4.741674661333658
SKU10089,2024-10-21,2024-10-27,13,23.0,17.0,HistGradientBoosting,22.94917360558377,9.94917360558377
SKU10090,2024-10-21,2024-10-27,21,37.0,18.0,HistGradientBoosting,62.21503709592371,41.21503709592371
SKU10091,2024-10-21,2024-10-27,45,53.0,17.0,HistGradientBoosting,68.95656598991394,23.95656598991394
SKU10092,2024-10-21,2024-10-27,489,156.0,115.0,HistGradientBoosting,182.25107575126856,306.74892424873144
SKU10093,2024-10-21,2024-10-27,8,8.0,23.0,HistGradientBoosting,14.970949963483026,6.970949963483026
SKU10094,2024-10-21,2024-10-27,125,152.0,169.0,HistGradientBoosting,133.9515892664031,8.95158926640309
SKU10095,2024-10-21,2024-10-27,4,8.0,1.0,HistGradientBoosting,9.340814159358818,5.340814159358818
SKU10096,2024-10-21,2024-10-27,321,181.0,136.0,HistGradientBoosting,234.4318837550616,86.56811624493841
SKU10097,2024-10-21,2024-10-27,17,6.0,2.0,HistGradientBoosting,11.11510816682692,5.88489183317308
SKU10098,2024-10-21,2024-10-27,6,0.0,5.0,HistGradientBoosting,8.579514203779478,2.5795142037794783
SKU10099,2024-10-21,2024-10-27,87,74.0,60.0,HistGradientBoosting,98.51181743741284,11.511817437412844
SKU10100,2024-10-21,2024-10-27,2821,3018.0,2905.0,HistGradientBoosting,3037.779885024707,216.7798850247068
SKU10101,2024-10-21,2024-10-27,133,240.0,291.0,HistGradientBoosting,281.19550180170575,148.19550180170575
SKU10102,2024-10-21,2024-10-27,74,60.0,44.0,HistGradientBoosting,113.44243903784552,39.44243903784552
SKU10103,2024-10-21,2024-10-27,191,274.0,373.0,HistGradientBoosting,375.5306740843547,184.5306740843547
SKU10104,2024-10-21,2024-10-27,20,10.0,0.0,HistGradientBoosting,11.113546103118354,8.886453896881646
SKU10105,2024-10-21,2024-10-27,780,703.0,664.0,HistGradientBoosting,767.5559237916351,12.44407620836489
SKU10106,2024-10-21,2024-10-27,33,15.0,37.0,HistGradientBoosting,52.48287233284921,19.48287233284921
SKU10107,2024-10-21,2024-10-27,86,242.0,69.0,HistGradientBoosting,118.10199229091306,32.10199229091306
SKU10108,2024-10-21,2024-10-27,223,215.0,113.0,HistGradientBoosting,166.63251615091315,56.36748384908685
SKU10109,2024-10-21,2024-10-27,91,132.0,52.0,HistGradientBoosting,124.95962212492358,33.959622124923584
SKU10110,2024-10-21,2024-10-27,32,50.0,132.0,HistGradientBoosting,67.68505131708864,35.685051317088636
SKU10111,2024-10-21,2024-10-27,40,31.0,13.0,HistGradientBoosting,47.222352017555835,7.222352017555835
SKU10112,2024-10-21,2024-10-27,195,194.0,165.0,HistGradientBoosting,204.7033534449275,9.703353444927501
SKU10113,2024-10-21,2024-10-27,17,10.0,10.0,HistGradientBoosting,17.93007448859531,0.9300744885953094
SKU10114,2024-10-21,2024-10-27,794,754.0,579.0,HistGradientBoosting,852.0981229417085,58.09812294170854
SKU10115,2024-10-21,2024-10-27,60,60.0,69.0,HistGradientBoosting,102.1394669833373,42.1394669833373
SKU10116,2024-10-21,2024-10-27,13,9.0,12.0,HistGradientBoosting,15.967125120928888,2.9671251209288876
SKU10117,2024-10-21,2024-10-27,232,84.0,85.0,HistGradientBoosting,114.557978395729,117.442021604271
SKU10118,2024-10-21,2024-10-27,234,226.0,41.0,HistGradientBoosting,69.72938012522316,164.27061987477686
SKU10119,2024-10-21,2024-10-27,64,106.0,70.0,HistGradientBoosting,90.942623594322,26.942623594322
SKU10120,2024-10-21,2024-10-27,78,190.0,194.0,HistGradientBoosting,158.4521017371664,80.4521017371664
SKU10121,2024-10-21,2024-10-27,6,14.0,1.0,HistGradientBoosting,19.280985417422443,13.280985417422443
SKU10122,2024-10-21,2024-10-27,185,53.0,43.0,HistGradientBoosting,69.19646014006481,115.80353985993519
SKU10123,2024-10-21,2024-10-27,828,515.0,322.0,HistGradientBoosting,565.1191924724617,262.8808075275383
SKU10124,2024-10-21,2024-10-27,32,22.0,13.0,HistGradientBoosting,24.71141421431598,7.28858578568402
SKU10125,2024-10-21,2024-10-27,67,144.0,232.0,HistGradientBoosting,83.47334820089695,16.47334820089695
SKU10126,2024-10-21,2024-10-27,30,38.0,6.0,HistGradientBoosting,60.75205959032891,30.752059590328912
SKU10127,2024-10-21,2024-10-27,27,48.0,14.0,HistGradientBoosting,45.49194630785535,18.49194630785535
SKU10128,2024-10-21,2024-10-27,26,23.0,37.0,HistGradientBoosting,80.51054993587735,54.51054993587735
SKU10129,2024-10-21,2024-10-27,30,68.0,30.0,HistGradientBoosting,56.26086958897876,26.260869588978757
SKU10130,2024-10-21,2024-10-27,15,15.0,11.0,HistGradientBoosting,34.675807726906065,19.675807726906065
SKU10131,2024-10-21,2024-10-27,224,74.0,45.0,HistGradientBoosting,101.32027078397715,122.67972921602285
SKU10132,2024-10-21,2024-10-27,4,23.0,22.0,HistGradientBoosting,16.86289002761813,12.862890027618128
SKU10133,2024-10-21,2024-10-27,8,5.0,15.0,HistGradientBoosting,17.697649807690976,9.697649807690976
SKU10134,2024-10-21,2024-10-27,130,2.0,7.0,HistGradientBoosting,8.816141111355694,121.18385888864431
SKU10135,2024-10-21,2024-10-27,14,7.0,11.0,HistGradientBoosting,11.934492328536818,2.065507671463182
SKU10136,2024-10-21,2024-10-27,50,44.0,27.0,HistGradientBoosting,55.485394604480845,5.485394604480845
SKU10137,2024-10-21,2024-10-27,61,55.0,48.0,HistGradientBoosting,71.36267822531747,10.362678225317467
SKU10138,2024-10-21,2024-10-27,230,104.0,210.0,HistGradientBoosting,171.08372186404293,58.91627813595707
SKU10139,2024-10-21,2024-10-27,4,3.0,5.0,HistGradientBoosting,15.04243307734882,11.04243307734882
SKU10140,2024-10-21,2024-10-27,540,127.0,138.0,HistGradientBoosting,178.42839785140248,361.57160214859755
SKU10141,2024-10-21,2024-10-27,234,80.0,55.0,HistGradientBoosting,120.39876646699516,113.60123353300484
SKU10142,2024-10-21,2024-10-27,32,13.0,25.0,HistGradientBoosting,33.85593259929698,1.8559325992969775
SKU10143,2024-10-21,2024-10-27,572,653.0,187.0,HistGradientBoosting,396.6539558516256,175.3460441483744
SKU10144,2024-10-21,2024-10-27,1266,1612.0,779.0,HistGradientBoosting,1407.8813702529096,141.88137025290962
SKU10145,2024-10-21,2024-10-27,14,27.0,7.0,HistGradientBoosting,23.785920995080314,9.785920995080314
SKU10146,2024-10-21,2024-10-27,34,22.0,31.0,HistGradientBoosting,36.09747114412308,2.0974711441230767
SKU10147,2024-10-21,2024-10-27,586,490.0,486.0,HistGradientBoosting,391.4721775300347,194.52782246996532
SKU10148,2024-10-21,2024-10-27,213,69.0,55.0,HistGradientBoosting,102.53709613668995,110.46290386331005
SKU10149,2024-10-21,2024-10-27,4,2.0,4.0,HistGradientBoosting,7.46307730957996,3.46307730957996
SKU10000,2024-10-28,2024-11-03,265,287.0,87.0,HistGradientBoosting,175.61224984717282,89.38775015282718
SKU10001,2024-10-28,2024-11-03,25,24.0,23.0,HistGradientBoosting,46.392878508384214,21.392878508384214
SKU10002,2024-10-28,2024-11-03,135,449.0,220.0,HistGradientBoosting,259.90447086868323,124.90447086868323
SKU10003,2024-10-28,2024-11-03,241,277.0,85.0,HistGradientBoosting,144.39639087745087,96.60360912254913
SKU10004,2024-10-28,2024-11-03,3,5.0,4.0,HistGradientBoosting,11.453939147797621,8.453939147797621
SKU10005,2024-10-28,2024-11-03,7,4.0,0.0,HistGradientBoosting,10.859208185069198,3.859208185069198
SKU10006,2024-10-28,2024-11-03,247,80.0,48.0,HistGradientBoosting,74.92906449000232,172.0709355099977
SKU10007,2024-10-28,2024-11-03,14,168.0,29.0,HistGradientBoosting,44.111599252881064,30.111599252881064
SKU10008,2024-10-28,2024-11-03,16,10.0,5.0,HistGradientBoosting,30.032307169506307,14.032307169506307
SKU10009,2024-10-28,2024-11-03,39,60.0,42.0,HistGradientBoosting,73.58254601641337,34.582546016413374
SKU10010,2024-10-28,2024-11-03,24,8.0,24.0,HistGradientBoosting,34.338088229954344,10.338088229954344
SKU10011,2024-10-28,2024-11-03,47,236.0,24.0,HistGradientBoosting,82.40690523049854,35.40690523049854
SKU10012,2024-10-28,2024-11-03,32,44.0,13.0,HistGradientBoosting,55.29255309683863,23.29255309683863
SKU10013,2024-10-28,2024-11-03,67,104.0,45.0,HistGradientBoosting,74.42560426786835,7.425604267868351
SKU10014,2024-10-28,2024-11-03,26,25.0,39.0,HistGradientBoosting,43.36977905638069,17.369779056380693
SKU10015,2024-10-28,2024-11-03,57,170.0,53.0,HistGradientBoosting,128.37089313776997,71.37089313776997
SKU10016,2024-10-28,2024-11-03,3,0.0,13.0,HistGradientBoosting,14.045909690488456,11.045909690488456
SKU10017,2024-10-28,2024-11-03,76,80.0,114.0,HistGradientBoosting,116.41983877448028,40.41983877448028
SKU10018,2024-10-28,2024-11-03,18,22.0,25.0,HistGradientBoosting,55.70103951894894,37.70103951894894
SKU10019,2024-10-28,2024-11-03,475,228.0,153.0,HistGradientBoosting,261.6713216668195,213.3286783331805
SKU10020,2024-10-28,2024-11-03,189,29.0,32.0,HistGradientBoosting,54.935031474886166,134.06496852511384
SKU10021,2024-10-28,2024-11-03,786,770.0,1020.0,HistGradientBoosting,842.7720254535507,56.77202545355067
SKU10022,2024-10-28,2024-11-03,44,31.0,320.0,HistGradientBoosting,68.48226649146258,24.482266491462582
SKU10023,2024-10-28,2024-11-03,4,11.0,12.0,HistGradientBoosting,19.63612716174406,15.63612716174406
SKU10024,2024-10-28,2024-11-03,292,439.0,268.0,HistGradientBoosting,219.5498256978445,72.45017430215549
SKU10025,2024-10-28,2024-11-03,13,15.0,36.0,HistGradientBoosting,41.08033224768036,28.08033224768036
SKU10026,2024-10-28,2024-11-03,14,11.0,11.0,HistGradientBoosting,32.70968225936136,18.709682259361358
SKU10027,2024-10-28,2024-11-03,12,5.0,0.0,HistGradientBoosting,20.52673973122086,8.52673973122086
SKU10028,2024-10-28,2024-11-03,20,58.0,53.0,HistGradientBoosting,74.66654158836171,54.66654158836171
SKU10029,2024-10-28,2024-11-03,213,44.0,32.0,HistGradientBoosting,59.17057929864942,153.82942070135059
SKU10030,2024-10-28,2024-11-03,10,37.0,19.0,HistGradientBoosting,40.89429517668905,30.89429517668905
SKU10031,2024-10-28,2024-11-03,448,263.0,455.0,HistGradientBoosting,287.80972202495263,160.19027797504737
SKU10032,2024-10-28,2024-11-03,3,17.0,23.0,HistGradientBoosting,13.677002152440343,10.677002152440343
SKU10033,2024-10-28,2024-11-03,13,15.0,6.0,HistGradientBoosting,25.1247628263309,12.124762826330901
SKU10034,2024-10-28,2024-11-03,30,183.0,116.0,HistGradientBoosting,46.953349904895546,16.953349904895546
SKU10035,2024-10-28,2024-11-03,6,4.0,17.0,HistGradientBoosting,16.19890854722643,10.19890854722643
SKU10036,2024-10-28,2024-11-03,27,191.0,40.0,HistGradientBoosting,53.8846908967032,26.884690896703198
SKU10037,2024-10-28,2024-11-03,97,63.0,299.0,HistGradientBoosting,128.9068719978334,31.906871997833406
SKU10038,2024-10-28,2024-11-03,23,24.0,44.0,HistGradientBoosting,77.48072655852683,54.480726558526825
SKU10039,2024-10-28,2024-11-03,5,3.0,4.0,HistGradientBoosting,14.133940779317093,9.133940779317093
SKU10040,2024-10-28,2024-11-03,6,23.0,30.0,HistGradientBoosting,38.716580455228616,32.716580455228616
SKU10041,2024-10-28,2024-11-03,8,7.0,1.0,HistGradientBoosting,9.058671956618264,1.058671956618264
SKU10042,2024-10-28,2024-11-03,113,170.0,376.0,HistGradientBoosting,231.57356898550572,118.57356898550572
SKU10043,2024-10-28,2024-11-03,4,15.0,8.0,HistGradientBoosting,12.921777144988676,8.921777144988676
SKU10044,2024-10-28,2024-11-03,52,128.0,33.0,HistGradientBoosting,108.29565430315093,56.295654303150926
SKU10045,2024-10-28,2024-11-03,1384,1197.0,1556.0,HistGradientBoosting,1494.0907382365735,110.09073823657354
SKU10046,2024-10-28,2024-11-03,34,20.0,45.0,HistGradientBoosting,68.21212936332864,34.21212936332864
SKU10047,2024-10-28,2024-11-03,582,547.0,212.0,HistGradientBoosting,434.9603492925687,147.0396507074313
SKU10048,2024-10-28,2024-11-03,21,16.0,21.0,HistGradientBoosting,21.05599660719835,0.05599660719834887
SKU10049,2024-10-28,2024-11-03,95,166.0,67.0,HistGradientBoosting,147.2308236307701,52.23082363077009
SKU10050,2024-10-28,2024-11-03,14,16.0,47.0,HistGradientBoosting,38.56480170277138,24.564801702771383
SKU10051,2024-10-28,2024-11-03,71,76.0,220.0,HistGradientBoosting,133.2292285037882,62.22922850378819
SKU10052,2024-10-28,2024-11-03,7,9.0,5.0,HistGradientBoosting,17.285093321525384,10.285093321525384
SKU10053,2024-10-28,2024-11-03,6,130.0,1.0,HistGradientBoosting,16.91545966747857,10.915459667478569
SKU10054,2024-10-28,2024-11-03,2,7.0,17.0,HistGradientBoosting,24.551234718053664,22.551234718053664
SKU10055,2024-10-28,2024-11-03,389,309.0,53.0,HistGradientBoosting,93.15966975806771,295.8403302419323
SKU10056,2024-10-28,2024-11-03,141,334.0,274.0,HistGradientBoosting,246.74889766729657,105.74889766729657
SKU10057,2024-10-28,2024-11-03,145,381.0,119.0,HistGradientBoosting,123.80781137776215,21.19218862223785
SKU10058,2024-10-28,2024-11-03,154,1.0,5.0,HistGradientBoosting,16.838811639056434,137.16118836094356
SKU10059,2024-10-28,2024-11-03,143,188.0,226.0,HistGradientBoosting,257.5763930121228,114.57639301212282
SKU10060,2024-10-28,2024-11-03,19,24.0,28.0,HistGradientBoosting,54.708349538056154,35.708349538056154
SKU10061,2024-10-28,2024-11-03,32,15.0,21.0,HistGradientBoosting,32.04130629188941,0.041306291889412705
SKU10062,2024-10-28,2024-11-03,11,9.0,14.0,HistGradientBoosting,20.667661334247832,9.667661334247832
SKU10063,2024-10-28,2024-11-03,104,177.0,226.0,HistGradientBoosting,138.0785250015797,34.07852500157969
SKU10064,2024-10-28,2024-11-03,13,4.0,23.0,HistGradientBoosting,16.405218309852767,3.405218309852767
SKU10065,2024-10-28,2024-11-03,73,172.0,76.0,HistGradientBoosting,56.4898955092345,16.5101044907655
SKU10066,2024-10-28,2024-11-03,147,144.0,93.0,HistGradientBoosting,148.16119274936278,1.1611927493627832
SKU10067,2024-10-28,2024-11-03,5,2.0,5.0,HistGradientBoosting,13.271374125088581,8.271374125088581
SKU10068,2024-10-28,2024-11-03,37,164.0,182.0,HistGradientBoosting,59.74610351255951,22.746103512559507
SKU10069,2024-10-28,2024-11-03,5,26.0,9.0,HistGradientBoosting,23.77933639897256,18.77933639897256
SKU10070,2024-10-28,2024-11-03,38,7.0,201.0,HistGradientBoosting,32.43475398223465,5.565246017765347
SKU10071,2024-10-28,2024-11-03,34,29.0,19.0,HistGradientBoosting,63.55289354847658,29.552893548476582
SKU10072,2024-10-28,2024-11-03,28,32.0,24.0,HistGradientBoosting,28.005738340742937,0.005738340742936998
SKU10073,2024-10-28,2024-11-03,53,197.0,69.0,HistGradientBoosting,88.39897030237593,35.39897030237593
SKU10074,2024-10-28,2024-11-03,36,25.0,27.0,HistGradientBoosting,52.80659875425457,16.806598754254573
SKU10075,2024-10-28,2024-11-03,44,56.0,217.0,HistGradientBoosting,64.9372879052405,20.937287905240495
SKU10076,2024-10-28,2024-11-03,187,260.0,70.0,HistGradientBoosting,119.89309773208014,67.10690226791986
SKU10077,2024-10-28,2024-11-03,29,71.0,139.0,HistGradientBoosting,66.39592160518725,37.395921605187254
SKU10078,2024-10-28,2024-11-03,26,232.0,206.0,HistGradientBoosting,68.01268013065273,42.012680130652726
SKU10079,2024-10-28,2024-11-03,46,36.0,47.0,HistGradientBoosting,74.70751433139513,28.70751433139513
SKU10080,2024-10-28,2024-11-03,34,20.0,263.0,HistGradientBoosting,36.54675547952533,2.5467554795253307
SKU10081,2024-10-28,2024-11-03,17,30.0,25.0,HistGradientBoosting,38.06962685605483,21.069626856054832
SKU10082,2024-10-28,2024-11-03,842,188.0,443.0,HistGradientBoosting,293.0585012678285,548.9414987321716
SKU10083,2024-10-28,2024-11-03,60,249.0,36.0,HistGradientBoosting,89.50158116056407,29.501581160564072
SKU10084,2024-10-28,2024-11-03,25,23.0,17.0,HistGradientBoosting,43.81895727577251,18.81895727577251
SKU10085,2024-10-28,2024-11-03,27,47.0,21.0,HistGradientBoosting,63.23540136368666,36.23540136368666
SKU10086,2024-10-28,2024-11-03,21,10.0,29.0,HistGradientBoosting,49.79397087341299,28.793970873412988
SKU10087,2024-10-28,2024-11-03,347,311.0,723.0,HistGradientBoosting,344.12436976132955,2.8756302386704533
SKU10088,2024-10-28,2024-11-03,4,6.0,1.0,HistGradientBoosting,16.364938445655667,12.364938445655667
SKU10089,2024-10-28,2024-11-03,5,13.0,14.0,HistGradientBoosting,30.170022114365295,25.170022114365295
SKU10090,2024-10-28,2024-11-03,37,21.0,28.0,HistGradientBoosting,38.910545714540966,1.910545714540966
SKU10091,2024-10-28,2024-11-03,234,45.0,19.0,HistGradientBoosting,57.26314201765403,176.73685798234595
SKU10092,2024-10-28,2024-11-03,293,489.0,95.0,HistGradientBoosting,227.6541201105025,65.3458798894975
SKU10093,2024-10-28,2024-11-03,183,8.0,18.0,HistGradientBoosting,20.268045283739525,162.73195471626047
SKU10094,2024-10-28,2024-11-03,100,125.0,78.0,HistGradientBoosting,173.57530289678144,73.57530289678144
SKU10095,2024-10-28,2024-11-03,9,4.0,1.0,HistGradientBoosting,30.518110853935,21.518110853935
SKU10096,2024-10-28,2024-11-03,154,321.0,269.0,HistGradientBoosting,219.0978273071587,65.0978273071587
SKU10097,2024-10-28,2024-11-03,1,17.0,0.0,HistGradientBoosting,17.53662156507838,16.53662156507838
SKU10098,2024-10-28,2024-11-03,4,6.0,8.0,HistGradientBoosting,20.88564044862548,16.88564044862548
SKU10099,2024-10-28,2024-11-03,54,87.0,71.0,HistGradientBoosting,104.31793254683426,50.31793254683426
SKU10100,2024-10-28,2024-11-03,3568,2821.0,2154.0,HistGradientBoosting,3022.85565497575,545.14434502425
SKU10101,2024-10-28,2024-11-03,187,133.0,194.0,HistGradientBoosting,298.5964964391575,111.59649643915748
SKU10102,2024-10-28,2024-11-03,42,74.0,36.0,HistGradientBoosting,104.18266117322695,62.18266117322695
SKU10103,2024-10-28,2024-11-03,402,191.0,485.0,HistGradientBoosting,370.9395235511859,31.060476448814086
SKU10104,2024-10-28,2024-11-03,4,20.0,1.0,HistGradientBoosting,10.648775658915767,6.648775658915767
SKU10105,2024-10-28,2024-11-03,1015,780.0,659.0,HistGradientBoosting,872.1927311570537,142.8072688429463
SKU10106,2024-10-28,2024-11-03,38,33.0,23.0,HistGradientBoosting,46.457262830084076,8.457262830084076
SKU10107,2024-10-28,2024-11-03,249,86.0,57.0,HistGradientBoosting,112.65773741585551,136.3422625841445
SKU10108,2024-10-28,2024-11-03,275,223.0,70.0,HistGradientBoosting,180.24141519224602,94.75858480775398
SKU10109,2024-10-28,2024-11-03,92,91.0,54.0,HistGradientBoosting,134.28031867705602,42.280318677056016
SKU10110,2024-10-28,2024-11-03,46,32.0,36.0,HistGradientBoosting,84.31090999726987,38.310909997269874
SKU10111,2024-10-28,2024-11-03,10,40.0,21.0,HistGradientBoosting,50.885847346127704,40.885847346127704
SKU10112,2024-10-28,2024-11-03,276,195.0,82.0,HistGradientBoosting,221.2152253948823,54.78477460511769
SKU10113,2024-10-28,2024-11-03,33,17.0,14.0,HistGradientBoosting,19.032477924426633,13.967522075573367
SKU10114,2024-10-28,2024-11-03,783,794.0,455.0,HistGradientBoosting,831.6548885296509,48.65488852965086
SKU10115,2024-10-28,2024-11-03,107,60.0,65.0,HistGradientBoosting,138.48842005152488,31.488420051524884
SKU10116,2024-10-28,2024-11-03,9,13.0,12.0,HistGradientBoosting,24.254309316066315,15.254309316066315
SKU10117,2024-10-28,2024-11-03,288,232.0,71.0,HistGradientBoosting,143.06195983589697,144.93804016410303
SKU10118,2024-10-28,2024-11-03,36,234.0,25.0,HistGradientBoosting,81.5391767652386,45.539176765238594
SKU10119,2024-10-28,2024-11-03,58,64.0,56.0,HistGradientBoosting,101.23464313998849,43.23464313998849
SKU10120,2024-10-28,2024-11-03,462,78.0,55.0,HistGradientBoosting,142.26185217595292,319.7381478240471
SKU10121,2024-10-28,2024-11-03,5,6.0,5.0,HistGradientBoosting,14.159732243089254,9.159732243089254
SKU10122,2024-10-28,2024-11-03,20,185.0,197.0,HistGradientBoosting,58.53945248376381,38.53945248376381
SKU10123,2024-10-28,2024-11-03,469,828.0,183.0,HistGradientBoosting,496.1570566900468,27.157056690046772
SKU10124,2024-10-28,2024-11-03,8,32.0,20.0,HistGradientBoosting,30.893147425970678,22.893147425970678
SKU10125,2024-10-28,2024-11-03,44,67.0,49.0,HistGradientBoosting,84.09916029927093,40.099160299270935
SKU10126,2024-10-28,2024-11-03,146,30.0,20.0,HistGradientBoosting,44.52827611391863,101.47172388608138
SKU10127,2024-10-28,2024-11-03,31,27.0,20.0,HistGradientBoosting,46.92616338821238,15.92616338821238
SKU10128,2024-10-28,2024-11-03,131,26.0,41.0,HistGradientBoosting,69.38988083439723,61.61011916560277
SKU10129,2024-10-28,2024-11-03,33,30.0,24.0,HistGradientBoosting,93.94350918418237,60.943509184182375
SKU10130,2024-10-28,2024-11-03,9,15.0,17.0,HistGradientBoosting,30.80699401927006,21.80699401927006
SKU10131,2024-10-28,2024-11-03,68,224.0,61.0,HistGradientBoosting,109.70473766963126,41.70473766963126
SKU10132,2024-10-28,2024-11-03,6,4.0,152.0,HistGradientBoosting,11.586489536188823,5.586489536188823
SKU10133,2024-10-28,2024-11-03,2,8.0,1.0,HistGradientBoosting,23.571323469135223,21.571323469135223
SKU10134,2024-10-28,2024-11-03,2,130.0,13.0,HistGradientBoosting,12.43255090239565,10.43255090239565
SKU10135,2024-10-28,2024-11-03,16,14.0,3.0,HistGradientBoosting,13.120170041546288,2.879829958453712
SKU10136,2024-10-28,2024-11-03,39,50.0,57.0,HistGradientBoosting,81.341376980021,42.341376980020996
SKU10137,2024-10-28,2024-11-03,37,61.0,37.0,HistGradientBoosting,125.42331269534381,88.42331269534381
SKU10138,2024-10-28,2024-11-03,105,230.0,53.0,HistGradientBoosting,160.8264856058989,55.82648560589891
SKU10139,2024-10-28,2024-11-03,5,4.0,12.0,HistGradientBoosting,16.12248731788895,11.12248731788895
SKU10140,2024-10-28,2024-11-03,296,540.0,242.0,HistGradientBoosting,260.7712983278017,35.228701672198326
SKU10141,2024-10-28,2024-11-03,82,234.0,52.0,HistGradientBoosting,135.1264677471896,53.126467747189594
SKU10142,2024-10-28,2024-11-03,35,32.0,18.0,HistGradientBoosting,42.739830824380675,7.739830824380675
SKU10143,2024-10-28,2024-11-03,492,572.0,223.0,HistGradientBoosting,447.0527952653379,44.94720473466208
SKU10144,2024-10-28,2024-11-03,1772,1266.0,1704.0,HistGradientBoosting,1549.002169277663,222.99783072233708
SKU10145,2024-10-28,2024-11-03,20,14.0,17.0,HistGradientBoosting,20.39756412644011,0.3975641264401091
SKU10146,2024-10-28,2024-11-03,21,34.0,16.0,HistGradientBoosting,63.652616713359855,42.652616713359855
SKU10147,2024-10-28,2024-11-03,191,586.0,369.0,HistGradientBoosting,416.0212550858579,225.0212550858579
SKU10148,2024-10-28,2024-11-03,101,213.0,80.0,HistGradientBoosting,114.90872201119458,13.908722011194584
SKU10149,2024-10-28,2024-11-03,10,4.0,13.0,HistGradientBoosting,11.725522493253637,1.7255224932536368
SKU10000,2024-11-04,2024-11-10,337,265.0,120.0,HistGradientBoosting,165.02052661014818,171.97947338985182
SKU10001,2024-11-04,2024-11-10,12,25.0,21.0,HistGradientBoosting,48.87670812784493,36.87670812784493
SKU10002,2024-11-04,2024-11-10,122,135.0,326.0,HistGradientBoosting,240.75344367683232,118.75344367683232
SKU10003,2024-11-04,2024-11-10,171,241.0,398.0,HistGradientBoosting,130.215944542521,40.78405545747901
SKU10004,2024-11-04,2024-11-10,12,3.0,11.0,HistGradientBoosting,14.167403784474857,2.167403784474857
SKU10005,2024-11-04,2024-11-10,11,7.0,5.0,HistGradientBoosting,12.705470156268852,1.7054701562688521
SKU10006,2024-11-04,2024-11-10,46,247.0,87.0,HistGradientBoosting,104.98972756308136,58.98972756308136
SKU10007,2024-11-04,2024-11-10,27,14.0,24.0,HistGradientBoosting,45.95437544246474,18.954375442464737
SKU10008,2024-11-04,2024-11-10,15,16.0,15.0,HistGradientBoosting,35.10434475006976,20.104344750069757
SKU10009,2024-11-04,2024-11-10,147,39.0,187.0,HistGradientBoosting,69.6666021297128,77.3333978702872
SKU10010,2024-11-04,2024-11-10,32,24.0,11.0,HistGradientBoosting,35.15500965022395,3.1550096502239526
SKU10011,2024-11-04,2024-11-10,41,47.0,71.0,HistGradientBoosting,73.68909699593435,32.68909699593435
SKU10012,2024-11-04,2024-11-10,15,32.0,37.0,HistGradientBoosting,54.996200482179994,39.996200482179994
SKU10013,2024-11-04,2024-11-10,36,67.0,53.0,HistGradientBoosting,67.03776128250468,31.037761282504675
SKU10014,2024-11-04,2024-11-10,22,26.0,28.0,HistGradientBoosting,54.56118639979307,32.56118639979307
SKU10015,2024-11-04,2024-11-10,221,57.0,68.0,HistGradientBoosting,141.8594977548422,79.14050224515779
SKU10016,2024-11-04,2024-11-10,160,3.0,6.0,HistGradientBoosting,20.058945968077097,139.9410540319229
SKU10017,2024-11-04,2024-11-10,38,76.0,244.0,HistGradientBoosting,119.8093286921048,81.8093286921048
SKU10018,2024-11-04,2024-11-10,23,18.0,9.0,HistGradientBoosting,76.2443603685454,53.2443603685454
SKU10019,2024-11-04,2024-11-10,171,475.0,228.0,HistGradientBoosting,285.14290272693177,114.14290272693177
SKU10020,2024-11-04,2024-11-10,28,189.0,46.0,HistGradientBoosting,62.44611088056842,34.44611088056842
SKU10021,2024-11-04,2024-11-10,1024,786.0,921.0,HistGradientBoosting,846.4381652178478,177.56183478215223
SKU10022,2024-11-04,2024-11-10,39,44.0,72.0,HistGradientBoosting,69.92749752268152,30.92749752268152
SKU10023,2024-11-04,2024-11-10,0,4.0,22.0,HistGradientBoosting,33.843089692261636,33.843089692261636
SKU10024,2024-11-04,2024-11-10,102,292.0,145.0,HistGradientBoosting,232.4463580130381,130.4463580130381
SKU10025,2024-11-04,2024-11-10,12,13.0,19.0,HistGradientBoosting,17.674852271962422,5.674852271962422
SKU10026,2024-11-04,2024-11-10,25,14.0,14.0,HistGradientBoosting,48.53108440678231,23.531084406782313
SKU10027,2024-11-04,2024-11-10,5,12.0,1.0,HistGradientBoosting,33.344303382489294,28.344303382489294
SKU10028,2024-11-04,2024-11-10,38,20.0,58.0,HistGradientBoosting,66.61819229571343,28.618192295713428
SKU10029,2024-11-04,2024-11-10,30,213.0,23.0,HistGradientBoosting,63.490230668738526,33.490230668738526
SKU10030,2024-11-04,2024-11-10,23,10.0,7.0,HistGradientBoosting,25.543855043212243,2.5438550432122433
SKU10031,2024-11-04,2024-11-10,159,448.0,178.0,HistGradientBoosting,290.37373106185333,131.37373106185333
SKU10032,2024-11-04,2024-11-10,10,3.0,15.0,HistGradientBoosting,11.005227743526962,1.0052277435269623
SKU10033,2024-11-04,2024-11-10,23,13.0,30.0,HistGradientBoosting,29.14453871706842,6.144538717068421
SKU10034,2024-11-04,2024-11-10,39,30.0,13.0,HistGradientBoosting,37.03181607840729,1.9681839215927113
SKU10035,2024-11-04,2024-11-10,9,6.0,186.0,HistGradientBoosting,14.78885211727618,5.78885211727618
SKU10036,2024-11-04,2024-11-10,50,27.0,38.0,HistGradientBoosting,51.83073565803025,1.8307356580302496
SKU10037,2024-11-04,2024-11-10,74,97.0,64.0,HistGradientBoosting,146.0868136029844,72.08681360298439
SKU10038,2024-11-04,2024-11-10,34,23.0,34.0,HistGradientBoosting,76.94111636042717,42.94111636042717
SKU10039,2024-11-04,2024-11-10,6,5.0,5.0,HistGradientBoosting,18.56734215117799,12.56734215117799
SKU10040,2024-11-04,2024-11-10,12,6.0,18.0,HistGradientBoosting,43.4792947693133,31.4792947693133
SKU10041,2024-11-04,2024-11-10,9,8.0,6.0,HistGradientBoosting,17.266733300900377,8.266733300900377
SKU10042,2024-11-04,2024-11-10,142,113.0,109.0,HistGradientBoosting,235.61069905412526,93.61069905412526
SKU10043,2024-11-04,2024-11-10,4,4.0,156.0,HistGradientBoosting,10.506837164766598,6.506837164766598
SKU10044,2024-11-04,2024-11-10,57,52.0,109.0,HistGradientBoosting,135.50961869788603,78.50961869788603
SKU10045,2024-11-04,2024-11-10,1099,1384.0,1260.0,HistGradientBoosting,1494.0907382365735,395.09073823657354
SKU10046,2024-11-04,2024-11-10,228,34.0,30.0,HistGradientBoosting,51.62325509293538,176.37674490706462
SKU10047,2024-11-04,2024-11-10,402,582.0,281.0,HistGradientBoosting,400.1778070012334,1.8221929987665817
SKU10048,2024-11-04,2024-11-10,30,21.0,2.0,HistGradientBoosting,32.88764968311773,2.887649683117729
SKU10049,2024-11-04,2024-11-10,116,95.0,107.0,HistGradientBoosting,140.8353083616391,24.835308361639107
SKU10050,2024-11-04,2024-11-10,36,14.0,39.0,HistGradientBoosting,33.181180749966735,2.8188192500332647
SKU10051,2024-11-04,2024-11-10,71,71.0,62.0,HistGradientBoosting,141.5645869714598,70.56458697145979
SKU10052,2024-11-04,2024-11-10,3,7.0,10.0,HistGradientBoosting,12.934568630856422,9.934568630856422
SKU10053,2024-11-04,2024-11-10,5,6.0,26.0,HistGradientBoosting,13.68427480552383,8.68427480552383
SKU10054,2024-11-04,2024-11-10,18,2.0,6.0,HistGradientBoosting,14.6524124139837,3.3475875860162994
SKU10055,2024-11-04,2024-11-10,61,389.0,72.0,HistGradientBoosting,102.35166388445812,41.35166388445812
SKU10056,2024-11-04,2024-11-10,165,141.0,108.0,HistGradientBoosting,213.53873998057776,48.53873998057776
SKU10057,2024-11-04,2024-11-10,391,145.0,134.0,HistGradientBoosting,163.63520411568425,227.36479588431575
SKU10058,2024-11-04,2024-11-10,13,154.0,5.0,HistGradientBoosting,12.791978795651893,0.2080212043481069
SKU10059,2024-11-04,2024-11-10,245,143.0,135.0,HistGradientBoosting,289.558230088701,44.55823008870101
SKU10060,2024-11-04,2024-11-10,20,19.0,33.0,HistGradientBoosting,52.80648038147918,32.80648038147918
SKU10061,2024-11-04,2024-11-10,18,32.0,47.0,HistGradientBoosting,39.223885760508864,21.223885760508864
SKU10062,2024-11-04,2024-11-10,9,11.0,7.0,HistGradientBoosting,10.118498369138532,1.118498369138532
SKU10063,2024-11-04,2024-11-10,458,104.0,72.0,HistGradientBoosting,157.25354816450368,300.7464518354963
SKU10064,2024-11-04,2024-11-10,187,13.0,4.0,HistGradientBoosting,12.662825968169042,174.33717403183095
SKU10065,2024-11-04,2024-11-10,205,73.0,111.0,HistGradientBoosting,95.62894526281,109.37105473719
SKU10066,2024-11-04,2024-11-10,103,147.0,299.0,HistGradientBoosting,209.14128350277846,106.14128350277846
SKU10067,2024-11-04,2024-11-10,13,5.0,4.0,HistGradientBoosting,16.17918062260937,3.179180622609369
SKU10068,2024-11-04,2024-11-10,38,37.0,79.0,HistGradientBoosting,61.20463958801507,23.20463958801507
SKU10069,2024-11-04,2024-11-10,11,5.0,17.0,HistGradientBoosting,21.846732386524756,10.846732386524756
SKU10070,2024-11-04,2024-11-10,27,38.0,33.0,HistGradientBoosting,29.79697001590058,2.7969700159005804
SKU10071,2024-11-04,2024-11-10,21,34.0,33.0,HistGradientBoosting,71.8947444231758,50.894744423175794
SKU10072,2024-11-04,2024-11-10,23,28.0,11.0,HistGradientBoosting,37.873027774674696,14.873027774674696
SKU10073,2024-11-04,2024-11-10,191,53.0,225.0,HistGradientBoosting,139.03651523460542,51.96348476539458
SKU10074,2024-11-04,2024-11-10,221,36.0,33.0,HistGradientBoosting,51.98817162459361,169.0118283754064
SKU10075,2024-11-04,2024-11-10,65,44.0,23.0,HistGradientBoosting,66.19338101468622,1.1933810146862243
SKU10076,2024-11-04,2024-11-10,166,187.0,62.0,HistGradientBoosting,155.333301518612,10.66669848138801
SKU10077,2024-11-04,2024-11-10,50,29.0,51.0,HistGradientBoosting,65.54091421672808,15.540914216728083
SKU10078,2024-11-04,2024-11-10,27,26.0,120.0,HistGradientBoosting,64.9992304669272,37.9992304669272
SKU10079,2024-11-04,2024-11-10,44,46.0,38.0,HistGradientBoosting,62.60874268383237,18.608742683832368
SKU10080,2024-11-04,2024-11-10,14,34.0,29.0,HistGradientBoosting,40.83571788065066,26.835717880650662
SKU10081,2024-11-04,2024-11-10,32,17.0,17.0,HistGradientBoosting,54.99731513864883,22.99731513864883
SKU10082,2024-11-04,2024-11-10,273,842.0,488.0,HistGradientBoosting,339.59513119940647,66.59513119940647
SKU10083,2024-11-04,2024-11-10,38,60.0,62.0,HistGradientBoosting,100.23900688197593,62.239006881975925
SKU10084,2024-11-04,2024-11-10,21,25.0,184.0,HistGradientBoosting,24.704252561988245,3.7042525619882447
SKU10085,2024-11-04,2024-11-10,95,27.0,34.0,HistGradientBoosting,62.05208264889416,32.94791735110584
SKU10086,2024-11-04,2024-11-10,27,21.0,21.0,HistGradientBoosting,31.91257206985944,4.91257206985944
SKU10087,2024-11-04,2024-11-10,279,347.0,196.0,HistGradientBoosting,390.3401833947899,111.3401833947899
SKU10088,2024-11-04,2024-11-10,0,4.0,1.0,HistGradientBoosting,10.505404765987796,10.505404765987796
SKU10089,2024-11-04,2024-11-10,7,5.0,11.0,HistGradientBoosting,23.76745227953432,16.76745227953432
SKU10090,2024-11-04,2024-11-10,27,37.0,38.0,HistGradientBoosting,67.72511431916469,40.72511431916469
SKU10091,2024-11-04,2024-11-10,27,234.0,15.0,HistGradientBoosting,74.56422145880155,47.564221458801555
SKU10092,2024-11-04,2024-11-10,136,293.0,208.0,HistGradientBoosting,261.022367171168,125.02236717116801
SKU10093,2024-11-04,2024-11-10,5,183.0,125.0,HistGradientBoosting,31.018280501954308,26.018280501954308
SKU10094,2024-11-04,2024-11-10,563,100.0,139.0,HistGradientBoosting,184.7067954645992,378.29320453540083
SKU10095,2024-11-04,2024-11-10,17,9.0,0.0,HistGradientBoosting,20.542057221737736,3.5420572217377355
SKU10096,2024-11-04,2024-11-10,386,154.0,407.0,HistGradientBoosting,227.86829896891666,158.13170103108334
SKU10097,2024-11-04,2024-11-10,11,1.0,8.0,HistGradientBoosting,15.786383313206706,4.786383313206706
SKU10098,2024-11-04,2024-11-10,2,4.0,0.0,HistGradientBoosting,14.697030939560296,12.697030939560296
SKU10099,2024-11-04,2024-11-10,60,54.0,261.0,HistGradientBoosting,121.25504676546971,61.255046765469714
SKU10100,2024-11-04,2024-11-10,3149,3568.0,3088.0,HistGradientBoosting,2958.975285197988,190.0247148020121
SKU10101,2024-11-04,2024-11-10,390,187.0,254.0,HistGradientBoosting,313.5446385649631,76.45536143503688
SKU10102,2024-11-04,2024-11-10,56,42.0,61.0,HistGradientBoosting,108.58801768246745,52.58801768246745
SKU10103,2024-11-04,2024-11-10,427,402.0,372.0,HistGradientBoosting,361.3256018207925,65.67439817920751
SKU10104,2024-11-04,2024-11-10,1,4.0,7.0,HistGradientBoosting,12.499826956674895,11.499826956674895
SKU10105,2024-11-04,2024-11-10,992,1015.0,1113.0,HistGradientBoosting,834.4014511666162,157.5985488333838
SKU10106,2024-11-04,2024-11-10,161,38.0,63.0,HistGradientBoosting,52.3859247064866,108.6140752935134
SKU10107,2024-11-04,2024-11-10,207,249.0,135.0,HistGradientBoosting,113.99957388430369,93.00042611569631
SKU10108,2024-11-04,2024-11-10,141,275.0,86.0,HistGradientBoosting,192.81617602059632,51.816176020596316
SKU10109,2024-11-04,2024-11-10,250,92.0,404.0,HistGradientBoosting,126.65759874090054,123.34240125909946
SKU10110,2024-11-04,2024-11-10,23,46.0,45.0,HistGradientBoosting,52.921316216978155,29.921316216978155
SKU10111,2024-11-04,2024-11-10,43,10.0,34.0,HistGradientBoosting,62.44382931305213,19.443829313052127
SKU10112,2024-11-04,2024-11-10,221,276.0,150.0,HistGradientBoosting,236.15749228425244,15.157492284252442
SKU10113,2024-11-04,2024-11-10,23,33.0,11.0,HistGradientBoosting,19.825797929376627,3.174202070623373
SKU10114,2024-11-04,2024-11-10,734,783.0,1327.0,HistGradientBoosting,818.0689987564479,84.06899875644785
SKU10115,2024-11-04,2024-11-10,83,107.0,44.0,HistGradientBoosting,100.46736178431445,17.46736178431445
SKU10116,2024-11-04,2024-11-10,22,9.0,42.0,HistGradientBoosting,23.932148267991373,1.9321482679913728
SKU10117,2024-11-04,2024-11-10,168,288.0,78.0,HistGradientBoosting,116.24857276532875,51.751427234671254
SKU10118,2024-11-04,2024-11-10,258,36.0,33.0,HistGradientBoosting,112.21025284618247,145.78974715381753
SKU10119,2024-11-04,2024-11-10,72,58.0,81.0,HistGradientBoosting,110.04212577939042,38.04212577939042
SKU10120,2024-11-04,2024-11-10,391,462.0,88.0,HistGradientBoosting,180.68681414250267,210.31318585749733
SKU10121,2024-11-04,2024-11-10,2,5.0,12.0,HistGradientBoosting,10.620317802025019,8.620317802025019
SKU10122,2024-11-04,2024-11-10,29,20.0,22.0,HistGradientBoosting,50.22125263804087,21.221252638040873
SKU10123,2024-11-04,2024-11-10,707,469.0,275.0,HistGradientBoosting,695.6999791589009,11.300020841099126
SKU10124,2024-11-04,2024-11-10,13,8.0,20.0,HistGradientBoosting,34.47808460127876,21.47808460127876
SKU10125,2024-11-04,2024-11-10,72,44.0,59.0,HistGradientBoosting,105.27180094429141,33.271800944291414
SKU10126,2024-11-04,2024-11-10,31,146.0,38.0,HistGradientBoosting,44.64407720709609,13.644077207096089
SKU10127,2024-11-04,2024-11-10,40,31.0,44.0,HistGradientBoosting,72.7393742472767,32.7393742472767
SKU10128,2024-11-04,2024-11-10,30,131.0,41.0,HistGradientBoosting,93.03650960722173,63.03650960722173
SKU10129,2024-11-04,2024-11-10,54,33.0,208.0,HistGradientBoosting,76.63179486498014,22.631794864980137
SKU10130,2024-11-04,2024-11-10,11,9.0,5.0,HistGradientBoosting,34.991573344620036,23.991573344620036
SKU10131,2024-11-04,2024-11-10,82,68.0,270.0,HistGradientBoosting,130.70198798343245,48.701987983432446
SKU10132,2024-11-04,2024-11-10,1,6.0,94.0,HistGradientBoosting,13.34005282901573,12.34005282901573
SKU10133,2024-11-04,2024-11-10,10,2.0,0.0,HistGradientBoosting,16.51756785900033,6.51756785900033
SKU10134,2024-11-04,2024-11-10,6,2.0,59.0,HistGradientBoosting,12.136001573763158,6.136001573763158
SKU10135,2024-11-04,2024-11-10,11,16.0,2.0,HistGradientBoosting,17.30149296074527,6.301492960745271
SKU10136,2024-11-04,2024-11-10,192,39.0,37.0,HistGradientBoosting,73.14714544340883,118.85285455659117
SKU10137,2024-11-04,2024-11-10,70,37.0,70.0,HistGradientBoosting,90.03806168591538,20.03806168591538
SKU10138,2024-11-04,2024-11-10,292,105.0,593.0,HistGradientBoosting,178.19602359429612,113.80397640570388
SKU10139,2024-11-04,2024-11-10,8,5.0,21.0,HistGradientBoosting,15.048611138950303,7.048611138950303
SKU10140,2024-11-04,2024-11-10,149,296.0,144.0,HistGradientBoosting,264.5968465412206,115.5968465412206
SKU10141,2024-11-04,2024-11-10,91,82.0,295.0,HistGradientBoosting,112.92076954534346,21.92076954534346
SKU10142,2024-11-04,2024-11-10,37,35.0,273.0,HistGradientBoosting,36.8971272299656,0.1028727700344021
SKU10143,2024-11-04,2024-11-10,554,492.0,220.0,HistGradientBoosting,531.4941119460658,22.5058880539342
SKU10144,2024-11-04,2024-11-10,1641,1772.0,1817.0,HistGradientBoosting,1543.1068751353964,97.89312486460358
SKU10145,2024-11-04,2024-11-10,15,20.0,28.0,HistGradientBoosting,32.07189586304878,17.07189586304878
SKU10146,2024-11-04,2024-11-10,35,21.0,20.0,HistGradientBoosting,41.04583487748512,6.04583487748512
SKU10147,2024-11-04,2024-11-10,398,191.0,231.0,HistGradientBoosting,370.25068535461753,27.74931464538247
SKU10148,2024-11-04,2024-11-10,58,101.0,73.0,HistGradientBoosting,110.31021287410532,52.31021287410532
SKU10149,2024-11-04,2024-11-10,0,10.0,7.0,HistGradientBoosting,19.692365146361457,19.692365146361457
SKU10000,2024-11-11,2024-11-17,127,337.0,121.0,HistGradientBoosting,180.13386300686213,53.13386300686213
SKU10001,2024-11-11,2024-11-17,30,12.0,27.0,HistGradientBoosting,36.36850523929974,6.368505239299743
SKU10002,2024-11-11,2024-11-17,116,122.0,185.0,HistGradientBoosting,219.6869265511116,103.68692655111161
SKU10003,2024-11-11,2024-11-17,217,171.0,91.0,HistGradientBoosting,148.057446762096,68.94255323790401
SKU10004,2024-11-11,2024-11-17,8,12.0,11.0,HistGradientBoosting,16.14323160689564,8.14323160689564
SKU10005,2024-11-11,2024-11-17,0,11.0,13.0,HistGradientBoosting,19.56956948921735,19.56956948921735
SKU10006,2024-11-11,2024-11-17,53,46.0,57.0,HistGradientBoosting,95.81271554853194,42.81271554853194
SKU10007,2024-11-11,2024-11-17,26,27.0,17.0,HistGradientBoosting,30.62853687880365,4.628536878803651
SKU10008,2024-11-11,2024-11-17,14,15.0,4.0,HistGradientBoosting,33.635084796056525,19.635084796056525
SKU10009,2024-11-11,2024-11-17,58,147.0,48.0,HistGradientBoosting,71.21187400988238,13.21187400988238
SKU10010,2024-11-11,2024-11-17,32,32.0,15.0,HistGradientBoosting,42.50263087163668,10.502630871636683
SKU10011,2024-11-11,2024-11-17,52,41.0,35.0,HistGradientBoosting,92.10212108474461,40.10212108474461
SKU10012,2024-11-11,2024-11-17,12,15.0,29.0,HistGradientBoosting,32.62068437029562,20.62068437029562
SKU10013,2024-11-11,2024-11-17,232,36.0,44.0,HistGradientBoosting,81.43293945593,150.56706054407
SKU10014,2024-11-11,2024-11-17,16,22.0,67.0,HistGradientBoosting,52.17316046734468,36.17316046734468
SKU10015,2024-11-11,2024-11-17,44,221.0,96.0,HistGradientBoosting,136.69613690667052,92.69613690667052
SKU10016,2024-11-11,2024-11-17,5,160.0,9.0,HistGradientBoosting,25.27866625728484,20.27866625728484
SKU10017,2024-11-11,2024-11-17,71,38.0,67.0,HistGradientBoosting,127.89167873587233,56.89167873587233
SKU10018,2024-11-11,2024-11-17,151,23.0,27.0,HistGradientBoosting,66.26032640905261,84.73967359094739
SKU10019,2024-11-11,2024-11-17,370,171.0,373.0,HistGradientBoosting,266.4009884152852,103.59901158471479
SKU10020,2024-11-11,2024-11-17,56,28.0,41.0,HistGradientBoosting,73.49520369730644,17.495203697306437
SKU10021,2024-11-11,2024-11-17,925,1024.0,679.0,HistGradientBoosting,852.0430944429029,72.95690555709712
SKU10022,2024-11-11,2024-11-17,82,39.0,218.0,HistGradientBoosting,82.62893119329398,0.6289311932939796
SKU10023,2024-11-11,2024-11-17,20,0.0,15.0,HistGradientBoosting,15.63623903622601,4.36376096377399
SKU10024,2024-11-11,2024-11-17,142,102.0,119.0,HistGradientBoosting,206.851841580931,64.851841580931
SKU10025,2024-11-11,2024-11-17,45,12.0,27.0,HistGradientBoosting,20.4450100168874,24.5549899831126
SKU10026,2024-11-11,2024-11-17,20,25.0,160.0,HistGradientBoosting,35.426126983438294,15.426126983438294
SKU10027,2024-11-11,2024-11-17,5,5.0,1.0,HistGradientBoosting,16.40005688343816,11.400056883438161
SKU10028,2024-11-11,2024-11-17,44,38.0,55.0,HistGradientBoosting,77.29384408791215,33.29384408791215
SKU10029,2024-11-11,2024-11-17,44,30.0,201.0,HistGradientBoosting,63.291125159537515,19.291125159537515
SKU10030,2024-11-11,2024-11-17,13,23.0,20.0,HistGradientBoosting,28.447154285290665,15.447154285290665
SKU10031,2024-11-11,2024-11-17,194,159.0,432.0,HistGradientBoosting,273.47718581105545,79.47718581105545
SKU10032,2024-11-11,2024-11-17,8,10.0,14.0,HistGradientBoosting,17.80967220856905,9.80967220856905
SKU10033,2024-11-11,2024-11-17,95,23.0,21.0,HistGradientBoosting,36.993102201950414,58.006897798049586
SKU10034,2024-11-11,2024-11-17,15,39.0,27.0,HistGradientBoosting,46.484186813309925,31.484186813309925
SKU10035,2024-11-11,2024-11-17,2,9.0,4.0,HistGradientBoosting,17.909810877457943,15.909810877457943
SKU10036,2024-11-11,2024-11-17,133,50.0,19.0,HistGradientBoosting,62.376879063446886,70.62312093655311
SKU10037,2024-11-11,2024-11-17,303,74.0,71.0,HistGradientBoosting,140.59755889849325,162.40244110150675
SKU10038,2024-11-11,2024-11-17,26,34.0,28.0,HistGradientBoosting,58.7855775545191,32.7855775545191
SKU10039,2024-11-11,2024-11-17,2,6.0,16.0,HistGradientBoosting,18.236476205561654,16.236476205561654
SKU10040,2024-11-11,2024-11-17,21,12.0,14.0,HistGradientBoosting,29.303261472264722,8.303261472264722
SKU10041,2024-11-11,2024-11-17,2,9.0,1.0,HistGradientBoosting,11.478429415028309,9.478429415028309
SKU10042,2024-11-11,2024-11-17,410,142.0,155.0,HistGradientBoosting,225.3025303853132,184.6974696146868
SKU10043,2024-11-11,2024-11-17,14,4.0,3.0,HistGradientBoosting,9.624554260838948,4.3754457391610515
SKU10044,2024-11-11,2024-11-17,46,57.0,42.0,HistGradientBoosting,112.33638210333174,66.33638210333174
SKU10045,2024-11-11,2024-11-17,1374,1099.0,1044.0,HistGradientBoosting,1494.0907382365735,120.09073823657354
SKU10046,2024-11-11,2024-11-17,39,228.0,28.0,HistGradientBoosting,58.82910615872875,19.82910615872875
SKU10047,2024-11-11,2024-11-17,422,402.0,808.0,HistGradientBoosting,398.6471575396406,23.352842460359398
SKU10048,2024-11-11,2024-11-17,23,30.0,15.0,HistGradientBoosting,36.270912870604334,13.270912870604334
SKU10049,2024-11-11,2024-11-17,295,116.0,75.0,HistGradientBoosting,158.3264921020618,136.6735078979382
SKU10050,2024-11-11,2024-11-17,131,36.0,30.0,HistGradientBoosting,43.25198205903324,87.74801794096676
SKU10051,2024-11-11,2024-11-17,76,71.0,216.0,HistGradientBoosting,143.35898112399073,67.35898112399073
SKU10052,2024-11-11,2024-11-17,2,3.0,19.0,HistGradientBoosting,13.207305146484684,11.207305146484684
SKU10053,2024-11-11,2024-11-17,7,5.0,11.0,HistGradientBoosting,13.686356586315727,6.686356586315727
SKU10054,2024-11-11,2024-11-17,11,18.0,10.0,HistGradientBoosting,17.235897228883832,6.235897228883832
SKU10055,2024-11-11,2024-11-17,48,61.0,48.0,HistGradientBoosting,132.5021605293481,84.50216052934809
SKU10056,2024-11-11,2024-11-17,180,165.0,127.0,HistGradientBoosting,198.99832651084526,18.99832651084526
SKU10057,2024-11-11,2024-11-17,94,391.0,90.0,HistGradientBoosting,141.8376156782732,47.83761567827321
SKU10058,2024-11-11,2024-11-17,3,13.0,1.0,HistGradientBoosting,13.308587314660565,10.308587314660565
SKU10059,2024-11-11,2024-11-17,156,245.0,300.0,HistGradientBoosting,282.6400292204548,126.64002922045478
SKU10060,2024-11-11,2024-11-17,32,20.0,15.0,HistGradientBoosting,57.80841344886869,25.80841344886869
SKU10061,2024-11-11,2024-11-17,28,18.0,166.0,HistGradientBoosting,48.16342447169016,20.163424471690163
SKU10062,2024-11-11,2024-11-17,5,9.0,8.0,HistGradientBoosting,10.47478776358946,5.474787763589459
SKU10063,2024-11-11,2024-11-17,81,458.0,104.0,HistGradientBoosting,140.57839263821623,59.57839263821623
SKU10064,2024-11-11,2024-11-17,10,187.0,0.0,HistGradientBoosting,11.808854442964384,1.8088544429643836
SKU10065,2024-11-11,2024-11-17,73,205.0,224.0,HistGradientBoosting,72.8348633181147,0.16513668188530062
SKU10066,2024-11-11,2024-11-17,310,103.0,362.0,HistGradientBoosting,163.15795355966077,146.84204644033923
SKU10067,2024-11-11,2024-11-17,13,13.0,155.0,HistGradientBoosting,13.875863190621514,0.875863190621514
SKU10068,2024-11-11,2024-11-17,31,38.0,28.0,HistGradientBoosting,64.81679958783151,33.81679958783151
SKU10069,2024-11-11,2024-11-17,11,11.0,41.0,HistGradientBoosting,20.977973202734873,9.977973202734873
SKU10070,2024-11-11,2024-11-17,11,27.0,26.0,HistGradientBoosting,49.47663932083777,38.47663932083777
SKU10071,2024-11-11,2024-11-17,169,21.0,27.0,HistGradientBoosting,79.46714849963791,89.53285150036209
SKU10072,2024-11-11,2024-11-17,19,23.0,10.0,HistGradientBoosting,35.83738507204894,16.83738507204894
SKU10073,2024-11-11,2024-11-17,113,191.0,78.0,HistGradientBoosting,92.81392276258445,20.186077237415546
SKU10074,2024-11-11,2024-11-17,49,221.0,185.0,HistGradientBoosting,47.89460578045733,1.1053942195426671
SKU10075,2024-11-11,2024-11-17,38,65.0,33.0,HistGradientBoosting,96.90253222690902,58.90253222690902
SKU10076,2024-11-11,2024-11-17,73,166.0,150.0,HistGradientBoosting,176.72657141801758,103.72657141801758
SKU10077,2024-11-11,2024-11-17,57,50.0,40.0,HistGradientBoosting,62.045927003564834,5.0459270035648345
SKU10078,2024-11-11,2024-11-17,185,27.0,17.0,HistGradientBoosting,67.18477338915203,117.81522661084797
SKU10079,2024-11-11,2024-11-17,154,44.0,48.0,HistGradientBoosting,85.36377039576472,68.63622960423528
SKU10080,2024-11-11,2024-11-17,40,14.0,25.0,HistGradientBoosting,49.77016661232295,9.770166612322953
SKU10081,2024-11-11,2024-11-17,18,32.0,19.0,HistGradientBoosting,49.20364478624243,31.203644786242428
SKU10082,2024-11-11,2024-11-17,182,273.0,187.0,HistGradientBoosting,382.5757308281451,200.57573082814508
SKU10083,2024-11-11,2024-11-17,306,38.0,46.0,HistGradientBoosting,107.7190234741972,198.2809765258028
SKU10084,2024-11-11,2024-11-17,5,21.0,7.0,HistGradientBoosting,26.66075130491773,21.66075130491773
SKU10085,2024-11-11,2024-11-17,195,95.0,64.0,HistGradientBoosting,80.456078220303,114.543921779697
SKU10086,2024-11-11,2024-11-17,5,27.0,22.0,HistGradientBoosting,68.38100517504898,63.38100517504898
SKU10087,2024-11-11,2024-11-17,232,279.0,288.0,HistGradientBoosting,389.3465960553535,157.34659605535347
SKU10088,2024-11-11,2024-11-17,5,0.0,1.0,HistGradientBoosting,11.191479096756416,6.1914790967564155
SKU10089,2024-11-11,2024-11-17,21,7.0,11.0,HistGradientBoosting,32.80746322170972,11.807463221709718
SKU10090,2024-11-11,2024-11-17,13,27.0,47.0,HistGradientBoosting,41.33924930779251,28.339249307792507
SKU10091,2024-11-11,2024-11-17,22,27.0,31.0,HistGradientBoosting,69.21805100203132,47.218051002031316
SKU10092,2024-11-11,2024-11-17,113,136.0,257.0,HistGradientBoosting,259.8625505180966,146.8625505180966
SKU10093,2024-11-11,2024-11-17,8,5.0,2.0,HistGradientBoosting,19.473898281129177,11.473898281129177
SKU10094,2024-11-11,2024-11-17,78,563.0,102.0,HistGradientBoosting,163.1263531446731,85.12635314467309
SKU10095,2024-11-11,2024-11-17,13,17.0,1.0,HistGradientBoosting,19.28042535762858,6.28042535762858
SKU10096,2024-11-11,2024-11-17,116,386.0,104.0,HistGradientBoosting,263.6883192429964,147.68831924299639
SKU10097,2024-11-11,2024-11-17,12,11.0,10.0,HistGradientBoosting,14.48656026044156,2.4865602604415606
SKU10098,2024-11-11,2024-11-17,5,2.0,4.0,HistGradientBoosting,7.398215076608267,2.398215076608267
SKU10099,2024-11-11,2024-11-17,59,60.0,61.0,HistGradientBoosting,132.4039776606985,73.4039776606985
SKU10100,2024-11-11,2024-11-17,2580,3149.0,3668.0,HistGradientBoosting,3001.718116258924,421.71811625892406
SKU10101,2024-11-11,2024-11-17,180,390.0,343.0,HistGradientBoosting,319.3170401340062,139.31704013400622
SKU10102,2024-11-11,2024-11-17,64,56.0,36.0,HistGradientBoosting,85.28098276210115,21.280982762101146
SKU10103,2024-11-11,2024-11-17,419,427.0,271.0,HistGradientBoosting,357.0116792316267,61.988320768373285
SKU10104,2024-11-11,2024-11-17,16,1.0,9.0,HistGradientBoosting,9.45135134546002,6.54864865453998
SKU10105,2024-11-11,2024-11-17,1258,992.0,1490.0,HistGradientBoosting,727.0052856512805,530.9947143487195
SKU10106,2024-11-11,2024-11-17,24,161.0,26.0,HistGradientBoosting,52.47030859176799,28.47030859176799
SKU10107,2024-11-11,2024-11-17,118,207.0,278.0,HistGradientBoosting,154.6728284646184,36.67282846461839
SKU10108,2024-11-11,2024-11-17,564,141.0,210.0,HistGradientBoosting,181.72264967214176,382.27735032785824
SKU10109,2024-11-11,2024-11-17,236,250.0,87.0,HistGradientBoosting,108.7028366916798,127.2971633083202
SKU10110,2024-11-11,2024-11-17,157,23.0,31.0,HistGradientBoosting,58.380496050209295,98.6195039497907
SKU10111,2024-11-11,2024-11-17,39,43.0,41.0,HistGradientBoosting,41.44562031189401,2.445620311894011
SKU10112,2024-11-11,2024-11-17,332,221.0,259.0,HistGradientBoosting,228.7233201053677,103.27667989463231
SKU10113,2024-11-11,2024-11-17,20,23.0,20.0,HistGradientBoosting,29.159925972348844,9.159925972348844
SKU10114,2024-11-11,2024-11-17,708,734.0,551.0,HistGradientBoosting,845.7683332355291,137.7683332355291
SKU10115,2024-11-11,2024-11-17,62,83.0,280.0,HistGradientBoosting,113.99612424098562,51.99612424098562
SKU10116,2024-11-11,2024-11-17,6,22.0,5.0,HistGradientBoosting,16.697418938230474,10.697418938230474
SKU10117,2024-11-11,2024-11-17,80,168.0,157.0,HistGradientBoosting,158.14683780882442,78.14683780882442
SKU10118,2024-11-11,2024-11-17,43,258.0,23.0,HistGradientBoosting,82.79641107775632,39.79641107775632
SKU10119,2024-11-11,2024-11-17,434,72.0,93.0,HistGradientBoosting,99.89310092853121,334.1068990714688
SKU10120,2024-11-11,2024-11-17,185,391.0,94.0,HistGradientBoosting,181.55274933996563,3.4472506600343706
SKU10121,2024-11-11,2024-11-17,5,2.0,2.0,HistGradientBoosting,15.364763179254897,10.364763179254897
SKU10122,2024-11-11,2024-11-17,120,29.0,48.0,HistGradientBoosting,63.85173624189762,56.14826375810238
SKU10123,2024-11-11,2024-11-17,410,707.0,586.0,HistGradientBoosting,497.1200202638967,87.12002026389672
SKU10124,2024-11-11,2024-11-17,6,13.0,22.0,HistGradientBoosting,35.59057749176779,29.59057749176779
SKU10125,2024-11-11,2024-11-17,22,72.0,34.0,HistGradientBoosting,114.46323285051251,92.46323285051251
SKU10126,2024-11-11,2024-11-17,27,31.0,22.0,HistGradientBoosting,55.15410741443402,28.154107414434023
SKU10127,2024-11-11,2024-11-17,31,40.0,35.0,HistGradientBoosting,59.267236680030464,28.267236680030464
SKU10128,2024-11-11,2024-11-17,95,30.0,184.0,HistGradientBoosting,77.56439064919559,17.435609350804413
SKU10129,2024-11-11,2024-11-17,124,54.0,34.0,HistGradientBoosting,61.441580792622844,62.558419207377156
SKU10130,2024-11-11,2024-11-17,13,11.0,154.0,HistGradientBoosting,30.952603533704465,17.952603533704465
SKU10131,2024-11-11,2024-11-17,190,82.0,85.0,HistGradientBoosting,108.22611241639785,81.77388758360215
SKU10132,2024-11-11,2024-11-17,9,1.0,20.0,HistGradientBoosting,18.863119533933794,9.863119533933794
SKU10133,2024-11-11,2024-11-17,5,10.0,22.0,HistGradientBoosting,10.41760395528398,5.41760395528398
SKU10134,2024-11-11,2024-11-17,0,6.0,1.0,HistGradientBoosting,14.22378135129017,14.22378135129017
SKU10135,2024-11-11,2024-11-17,12,11.0,6.0,HistGradientBoosting,14.112605291886968,2.112605291886968
SKU10136,2024-11-11,2024-11-17,42,192.0,57.0,HistGradientBoosting,73.5468004228547,31.5468004228547
SKU10137,2024-11-11,2024-11-17,221,70.0,43.0,HistGradientBoosting,83.45161329589183,137.54838670410817
SKU10138,2024-11-11,2024-11-17,231,292.0,256.0,HistGradientBoosting,151.18296059055666,79.81703940944334
SKU10139,2024-11-11,2024-11-17,21,8.0,11.0,HistGradientBoosting,12.611576420479775,8.388423579520225
SKU10140,2024-11-11,2024-11-17,386,149.0,205.0,HistGradientBoosting,266.20367236785785,119.79632763214215
SKU10141,2024-11-11,2024-11-17,88,91.0,78.0,HistGradientBoosting,132.82608995724257,44.82608995724257
SKU10142,2024-11-11,2024-11-17,175,37.0,23.0,HistGradientBoosting,51.63425320390588,123.36574679609413
SKU10143,2024-11-11,2024-11-17,274,554.0,465.0,HistGradientBoosting,427.0372390892171,153.0372390892171
SKU10144,2024-11-11,2024-11-17,1542,1641.0,1237.0,HistGradientBoosting,1495.3968881698447,46.603111830155285
SKU10145,2024-11-11,2024-11-17,24,15.0,25.0,HistGradientBoosting,24.23429344418788,0.23429344418788034
SKU10146,2024-11-11,2024-11-17,13,35.0,40.0,HistGradientBoosting,52.67337479385948,39.67337479385948
SKU10147,2024-11-11,2024-11-17,641,398.0,273.0,HistGradientBoosting,408.71405648140086,232.28594351859914
SKU10148,2024-11-11,2024-11-17,258,58.0,72.0,HistGradientBoosting,121.34905074022218,136.6509492597778
SKU10149,2024-11-11,2024-11-17,2,0.0,7.0,HistGradientBoosting,9.551776643472454,7.551776643472454
SKU10000,2024-11-18,2024-11-24,89,127.0,173.0,HistGradientBoosting,214.34378983438774,125.34378983438774
SKU10001,2024-11-18,2024-11-24,204,30.0,129.0,HistGradientBoosting,47.0398224350061,156.9601775649939
SKU10002,2024-11-18,2024-11-24,128,116.0,113.0,HistGradientBoosting,234.5239294485397,106.52392944853969
SKU10003,2024-11-18,2024-11-24,102,217.0,87.0,HistGradientBoosting,173.4897829827644,71.48978298276441
SKU10004,2024-11-18,2024-11-24,8,8.0,9.0,HistGradientBoosting,10.891650047832073,2.891650047832073
SKU10005,2024-11-18,2024-11-24,6,0.0,14.0,HistGradientBoosting,10.026643960799337,4.026643960799337
SKU10006,2024-11-18,2024-11-24,53,53.0,46.0,HistGradientBoosting,100.57897270257797,47.57897270257797
SKU10007,2024-11-18,2024-11-24,5,26.0,89.0,HistGradientBoosting,44.690396585137755,39.690396585137755
SKU10008,2024-11-18,2024-11-24,205,14.0,11.0,HistGradientBoosting,55.77895755003994,149.22104244996007
SKU10009,2024-11-18,2024-11-24,35,58.0,179.0,HistGradientBoosting,80.81014938997285,45.81014938997285
SKU10010,2024-11-18,2024-11-24,110,32.0,15.0,HistGradientBoosting,48.41869953109162,61.58130046890838
SKU10011,2024-11-18,2024-11-24,24,52.0,40.0,HistGradientBoosting,66.15155671577064,42.15155671577064
SKU10012,2024-11-18,2024-11-24,38,12.0,76.0,HistGradientBoosting,35.614114264093395,2.385885735906605
SKU10013,2024-11-18,2024-11-24,180,232.0,40.0,HistGradientBoosting,64.35749799203862,115.64250200796138
SKU10014,2024-11-18,2024-11-24,37,16.0,20.0,HistGradientBoosting,36.309061081297195,0.6909389187028054
SKU10015,2024-11-18,2024-11-24,39,44.0,189.0,HistGradientBoosting,121.57328684717503,82.57328684717503
SKU10016,2024-11-18,2024-11-24,132,5.0,8.0,HistGradientBoosting,26.171369569195452,105.82863043080455
SKU10017,2024-11-18,2024-11-24,191,71.0,128.0,HistGradientBoosting,100.06486243712746,90.93513756287254
SKU10018,2024-11-18,2024-11-24,41,151.0,19.0,HistGradientBoosting,48.2774701054034,7.277470105403403
SKU10019,2024-11-18,2024-11-24,182,370.0,343.0,HistGradientBoosting,282.0313734428873,100.03137344288729
SKU10020,2024-11-18,2024-11-24,29,56.0,26.0,HistGradientBoosting,64.76610694461867,35.76610694461867
SKU10021,2024-11-18,2024-11-24,766,925.0,627.0,HistGradientBoosting,852.0430944429029,86.04309444290288
SKU10022,2024-11-18,2024-11-24,301,82.0,53.0,HistGradientBoosting,65.7962899017249,235.2037100982751
SKU10023,2024-11-18,2024-11-24,9,20.0,19.0,HistGradientBoosting,22.57197215340605,13.571972153406051
SKU10024,2024-11-18,2024-11-24,138,142.0,147.0,HistGradientBoosting,193.84656532453025,55.846565324530246
SKU10025,2024-11-18,2024-11-24,14,45.0,14.0,HistGradientBoosting,25.38432406533419,11.38432406533419
SKU10026,2024-11-18,2024-11-24,8,20.0,10.0,HistGradientBoosting,33.490802225493574,25.490802225493574
SKU10027,2024-11-18,2024-11-24,21,5.0,15.0,HistGradientBoosting,25.45885808889143,4.458858088891429
SKU10028,2024-11-18,2024-11-24,37,44.0,47.0,HistGradientBoosting,59.67628391978845,22.676283919788453
SKU10029,2024-11-18,2024-11-24,54,44.0,36.0,HistGradientBoosting,61.692629479037855,7.692629479037855
SKU10030,2024-11-18,2024-11-24,20,13.0,27.0,HistGradientBoosting,33.09386328374721,13.093863283747211
SKU10031,2024-11-18,2024-11-24,374,194.0,405.0,HistGradientBoosting,290.5880629466522,83.4119370533478
SKU10032,2024-11-18,2024-11-24,10,8.0,2.0,HistGradientBoosting,13.616996592340625,3.616996592340625
SKU10033,2024-11-18,2024-11-24,8,95.0,26.0,HistGradientBoosting,46.70247267005253,38.70247267005253
SKU10034,2024-11-18,2024-11-24,18,15.0,13.0,HistGradientBoosting,29.40881674854602,11.40881674854602
SKU10035,2024-11-18,2024-11-24,4,2.0,4.0,HistGradientBoosting,19.64973687182333,15.649736871823329
SKU10036,2024-11-18,2024-11-24,40,133.0,53.0,HistGradientBoosting,64.48748378669156,24.487483786691556
SKU10037,2024-11-18,2024-11-24,48,303.0,64.0,HistGradientBoosting,140.0500635669843,92.0500635669843
SKU10038,2024-11-18,2024-11-24,14,26.0,34.0,HistGradientBoosting,55.8303806043935,41.8303806043935
SKU10039,2024-11-18,2024-11-24,13,2.0,9.0,HistGradientBoosting,13.99631959764484,0.99631959764484
SKU10040,2024-11-18,2024-11-24,21,21.0,21.0,HistGradientBoosting,48.353280420008986,27.353280420008986
SKU10041,2024-11-18,2024-11-24,1,2.0,1.0,HistGradientBoosting,9.73964464566962,8.73964464566962
SKU10042,2024-11-18,2024-11-24,88,410.0,309.0,HistGradientBoosting,244.8316057123739,156.8316057123739
SKU10043,2024-11-18,2024-11-24,6,14.0,15.0,HistGradientBoosting,26.206770219036585,20.206770219036585
SKU10044,2024-11-18,2024-11-24,63,46.0,386.0,HistGradientBoosting,118.47561527808817,55.47561527808817
SKU10045,2024-11-18,2024-11-24,1866,1374.0,1699.0,HistGradientBoosting,1276.0431885772125,589.9568114227875
SKU10046,2024-11-18,2024-11-24,124,39.0,72.0,HistGradientBoosting,76.47121862032375,47.528781379676246
SKU10047,2024-11-18,2024-11-24,382,422.0,317.0,HistGradientBoosting,464.03490360897297,82.03490360897297
SKU10048,2024-11-18,2024-11-24,164,23.0,7.0,HistGradientBoosting,39.12427211182311,124.8757278881769
SKU10049,2024-11-18,2024-11-24,97,295.0,57.0,HistGradientBoosting,133.28756718761986,36.28756718761986
SKU10050,2024-11-18,2024-11-24,48,131.0,52.0,HistGradientBoosting,54.64632146982514,6.646321469825139
SKU10051,2024-11-18,2024-11-24,94,76.0,87.0,HistGradientBoosting,141.3746134201645,47.37461342016451
SKU10052,2024-11-18,2024-11-24,3,2.0,0.0,HistGradientBoosting,11.460963595484701,8.460963595484701
SKU10053,2024-11-18,2024-11-24,1,7.0,9.0,HistGradientBoosting,15.116016696630174,14.116016696630174
SKU10054,2024-11-18,2024-11-24,6,11.0,4.0,HistGradientBoosting,12.911243851479961,6.911243851479961
SKU10055,2024-11-18,2024-11-24,159,48.0,264.0,HistGradientBoosting,100.61343583767396,58.38656416232604
SKU10056,2024-11-18,2024-11-24,240,180.0,282.0,HistGradientBoosting,197.82860691399654,42.17139308600346
SKU10057,2024-11-18,2024-11-24,108,94.0,85.0,HistGradientBoosting,145.9027373048606,37.90273730486061
SKU10058,2024-11-18,2024-11-24,0,3.0,12.0,HistGradientBoosting,13.137770298422748,13.137770298422748
SKU10059,2024-11-18,2024-11-24,307,156.0,428.0,HistGradientBoosting,282.827037391137,24.172962608862974
SKU10060,2024-11-18,2024-11-24,29,32.0,36.0,HistGradientBoosting,42.84669554259914,13.846695542599143
SKU10061,2024-11-18,2024-11-24,16,28.0,22.0,HistGradientBoosting,28.218669753834934,12.218669753834934
SKU10062,2024-11-18,2024-11-24,7,5.0,2.0,HistGradientBoosting,9.726614231663167,2.7266142316631665
SKU10063,2024-11-18,2024-11-24,76,81.0,323.0,HistGradientBoosting,123.0833214583233,47.0833214583233
SKU10064,2024-11-18,2024-11-24,10,10.0,10.0,HistGradientBoosting,15.35985351004737,5.359853510047371
SKU10065,2024-11-18,2024-11-24,42,73.0,57.0,HistGradientBoosting,117.10493010421027,75.10493010421027
SKU10066,2024-11-18,2024-11-24,143,310.0,201.0,HistGradientBoosting,181.1362869508002,38.13628695080021
SKU10067,2024-11-18,2024-11-24,0,13.0,3.0,HistGradientBoosting,17.081072336708882,17.081072336708882
SKU10068,2024-11-18,2024-11-24,43,31.0,48.0,HistGradientBoosting,70.89965545149425,27.899655451494255
SKU10069,2024-11-18,2024-11-24,25,11.0,8.0,HistGradientBoosting,31.338267421014894,6.338267421014894
SKU10070,2024-11-18,2024-11-24,12,11.0,16.0,HistGradientBoosting,26.952047845765506,14.952047845765506
SKU10071,2024-11-18,2024-11-24,45,169.0,41.0,HistGradientBoosting,42.00778859325412,2.9922114067458807
SKU10072,2024-11-18,2024-11-24,17,19.0,206.0,HistGradientBoosting,55.07990321462309,38.07990321462309
SKU10073,2024-11-18,2024-11-24,60,113.0,55.0,HistGradientBoosting,129.36013560683702,69.36013560683702
SKU10074,2024-11-18,2024-11-24,32,49.0,29.0,HistGradientBoosting,49.47509322365494,17.475093223654937
SKU10075,2024-11-18,2024-11-24,39,38.0,26.0,HistGradientBoosting,85.82279837634005,46.822798376340046
SKU10076,2024-11-18,2024-11-24,73,73.0,147.0,HistGradientBoosting,119.5689091226275,46.5689091226275
SKU10077,2024-11-18,2024-11-24,51,57.0,58.0,HistGradientBoosting,92.23912033664138,41.23912033664138
SKU10078,2024-11-18,2024-11-24,30,185.0,47.0,HistGradientBoosting,55.7190445521846,25.7190445521846
SKU10079,2024-11-18,2024-11-24,53,154.0,27.0,HistGradientBoosting,72.90306136558412,19.903061365584122
SKU10080,2024-11-18,2024-11-24,29,40.0,15.0,HistGradientBoosting,39.06150978979559,10.061509789795593
SKU10081,2024-11-18,2024-11-24,17,18.0,27.0,HistGradientBoosting,46.0412619299359,29.0412619299359
SKU10082,2024-11-18,2024-11-24,160,182.0,146.0,HistGradientBoosting,389.22210522603973,229.22210522603973
SKU10083,2024-11-18,2024-11-24,51,306.0,29.0,HistGradientBoosting,109.39133896481187,58.391338964811865
SKU10084,2024-11-18,2024-11-24,11,5.0,14.0,HistGradientBoosting,28.445763306360703,17.445763306360703
SKU10085,2024-11-18,2024-11-24,38,195.0,122.0,HistGradientBoosting,66.00138531969274,28.001385319692744
SKU10086,2024-11-18,2024-11-24,16,5.0,36.0,HistGradientBoosting,37.23485942898967,21.234859428989672
SKU10087,2024-11-18,2024-11-24,294,232.0,536.0,HistGradientBoosting,411.18045496125376,117.18045496125376
SKU10088,2024-11-18,2024-11-24,4,5.0,2.0,HistGradientBoosting,12.599782671503839,8.599782671503839
SKU10089,2024-11-18,2024-11-24,21,21.0,27.0,HistGradientBoosting,25.005892646909746,4.0058926469097464
SKU10090,2024-11-18,2024-11-24,23,13.0,18.0,HistGradientBoosting,44.21146025995532,21.211460259955317
SKU10091,2024-11-18,2024-11-24,222,22.0,35.0,HistGradientBoosting,73.99665102907014,148.00334897092986
SKU10092,2024-11-18,2024-11-24,310,113.0,479.0,HistGradientBoosting,233.7021921056092,76.29780789439079
SKU10093,2024-11-18,2024-11-24,19,8.0,12.0,HistGradientBoosting,20.67468679148764,1.674686791487641
SKU10094,2024-11-18,2024-11-24,207,78.0,141.0,HistGradientBoosting,150.32284187876425,56.67715812123575
SKU10095,2024-11-18,2024-11-24,3,13.0,6.0,HistGradientBoosting,18.96817822234378,15.96817822234378
SKU10096,2024-11-18,2024-11-24,550,116.0,276.0,HistGradientBoosting,221.94721386366828,328.05278613633175
SKU10097,2024-11-18,2024-11-24,1,12.0,160.0,HistGradientBoosting,19.56173255349116,18.56173255349116
SKU10098,2024-11-18,2024-11-24,15,5.0,28.0,HistGradientBoosting,11.333318159140216,3.666681840859784
SKU10099,2024-11-18,2024-11-24,74,59.0,118.0,HistGradientBoosting,142.1910685997563,68.1910685997563
SKU10100,2024-11-18,2024-11-24,2780,2580.0,2972.0,HistGradientBoosting,3059.247209552556,279.2472095525559
SKU10101,2024-11-18,2024-11-24,194,180.0,216.0,HistGradientBoosting,298.242183650889,104.24218365088899
SKU10102,2024-11-18,2024-11-24,51,64.0,65.0,HistGradientBoosting,158.84180548489763,107.84180548489763
SKU10103,2024-11-18,2024-11-24,227,419.0,309.0,HistGradientBoosting,376.4350548694533,149.43505486945332
SKU10104,2024-11-18,2024-11-24,0,16.0,2.0,HistGradientBoosting,13.408351586349001,13.408351586349001
SKU10105,2024-11-18,2024-11-24,816,1258.0,1530.0,HistGradientBoosting,860.170619983498,44.170619983498
SKU10106,2024-11-18,2024-11-24,17,24.0,45.0,HistGradientBoosting,44.324627525640125,27.324627525640125
SKU10107,2024-11-18,2024-11-24,75,118.0,59.0,HistGradientBoosting,126.76660053847188,51.76660053847188
SKU10108,2024-11-18,2024-11-24,167,564.0,432.0,HistGradientBoosting,196.9211545332665,29.921154533266503
SKU10109,2024-11-18,2024-11-24,72,236.0,167.0,HistGradientBoosting,151.43836865978696,79.43836865978696
SKU10110,2024-11-18,2024-11-24,21,157.0,31.0,HistGradientBoosting,51.71318828696266,30.713188286962662
SKU10111,2024-11-18,2024-11-24,42,39.0,110.0,HistGradientBoosting,71.88381777508765,29.88381777508765
SKU10112,2024-11-18,2024-11-24,368,332.0,468.0,HistGradientBoosting,272.37724621529935,95.62275378470065
SKU10113,2024-11-18,2024-11-24,9,20.0,7.0,HistGradientBoosting,25.156146939482625,16.156146939482625
SKU10114,2024-11-18,2024-11-24,481,708.0,743.0,HistGradientBoosting,851.9583539915667,370.9583539915667
SKU10115,2024-11-18,2024-11-24,172,62.0,58.0,HistGradientBoosting,155.0105868478072,16.98941315219281
SKU10116,2024-11-18,2024-11-24,17,6.0,7.0,HistGradientBoosting,25.135618682916164,8.135618682916164
SKU10117,2024-11-18,2024-11-24,166,80.0,436.0,HistGradientBoosting,144.24889936566316,21.751100634336836
SKU10118,2024-11-18,2024-11-24,89,43.0,35.0,HistGradientBoosting,89.02761420426498,0.02761420426497807
SKU10119,2024-11-18,2024-11-24,56,434.0,69.0,HistGradientBoosting,97.63106451092183,41.63106451092183
SKU10120,2024-11-18,2024-11-24,100,185.0,186.0,HistGradientBoosting,234.488216967332,134.488216967332
SKU10121,2024-11-18,2024-11-24,10,5.0,1.0,HistGradientBoosting,8.087136527533534,1.9128634724664657
SKU10122,2024-11-18,2024-11-24,29,120.0,42.0,HistGradientBoosting,54.941864702172026,25.941864702172026
SKU10123,2024-11-18,2024-11-24,241,410.0,373.0,HistGradientBoosting,487.9516161628103,246.9516161628103
SKU10124,2024-11-18,2024-11-24,15,6.0,200.0,HistGradientBoosting,26.017379944360886,11.017379944360886
SKU10125,2024-11-18,2024-11-24,73,22.0,62.0,HistGradientBoosting,89.82612004128387,16.826120041283872
SKU10126,2024-11-18,2024-11-24,32,27.0,118.0,HistGradientBoosting,41.69805037324269,9.698050373242687
SKU10127,2024-11-18,2024-11-24,35,31.0,34.0,HistGradientBoosting,52.000321514587434,17.000321514587434
SKU10128,2024-11-18,2024-11-24,39,95.0,38.0,HistGradientBoosting,61.755726043332835,22.755726043332835
SKU10129,2024-11-18,2024-11-24,52,124.0,70.0,HistGradientBoosting,63.20259698057909,11.202596980579088
SKU10130,2024-11-18,2024-11-24,9,13.0,17.0,HistGradientBoosting,28.22963279262082,19.22963279262082
SKU10131,2024-11-18,2024-11-24,220,190.0,57.0,HistGradientBoosting,179.44442292944606,40.55557707055394
SKU10132,2024-11-18,2024-11-24,6,9.0,10.0,HistGradientBoosting,11.573766619909,5.573766619909
SKU10133,2024-11-18,2024-11-24,4,5.0,8.0,HistGradientBoosting,13.594333643336563,9.594333643336563
SKU10134,2024-11-18,2024-11-24,6,0.0,9.0,HistGradientBoosting,14.094321437316985,8.094321437316985
SKU10135,2024-11-18,2024-11-24,19,12.0,33.0,HistGradientBoosting,17.09530703528382,1.9046929647161797
SKU10136,2024-11-18,2024-11-24,43,42.0,239.0,HistGradientBoosting,71.86416286718398,28.86416286718398
SKU10137,2024-11-18,2024-11-24,24,221.0,209.0,HistGradientBoosting,120.82866086226338,96.82866086226338
SKU10138,2024-11-18,2024-11-24,187,231.0,92.0,HistGradientBoosting,146.13974188536167,40.86025811463833
SKU10139,2024-11-18,2024-11-24,6,21.0,8.0,HistGradientBoosting,20.96647161688741,14.96647161688741
SKU10140,2024-11-18,2024-11-24,335,386.0,163.0,HistGradientBoosting,286.716666402354,48.28333359764599
SKU10141,2024-11-18,2024-11-24,72,88.0,65.0,HistGradientBoosting,153.3218421722646,81.32184217226461
SKU10142,2024-11-18,2024-11-24,30,175.0,35.0,HistGradientBoosting,56.04838030542323,26.04838030542323
SKU10143,2024-11-18,2024-11-24,545,274.0,705.0,HistGradientBoosting,451.85739666529844,93.14260333470156
SKU10144,2024-11-18,2024-11-24,2337,1542.0,1683.0,HistGradientBoosting,1591.7709675551146,745.2290324448854
SKU10145,2024-11-18,2024-11-24,7,24.0,16.0,HistGradientBoosting,24.32521611230763,17.32521611230763
SKU10146,2024-11-18,2024-11-24,16,13.0,53.0,HistGradientBoosting,28.233784877880204,12.233784877880204
SKU10147,2024-11-18,2024-11-24,385,641.0,226.0,HistGradientBoosting,361.52282450104104,23.477175498958957
SKU10148,2024-11-18,2024-11-24,128,258.0,128.0,HistGradientBoosting,143.9591749304049,15.959174930404913
SKU10149,2024-11-18,2024-11-24,10,2.0,1.0,HistGradientBoosting,8.903055332570235,1.0969446674297654
SKU10000,2024-11-25,2024-12-01,101,89.0,136.0,HistGradientBoosting,146.05131894086,45.05131894086
SKU10001,2024-11-25,2024-12-01,32,204.0,27.0,HistGradientBoosting,50.02732250731679,18.02732250731679
SKU10002,2024-11-25,2024-12-01,418,128.0,141.0,HistGradientBoosting,235.53190316582055,182.46809683417945
SKU10003,2024-11-25,2024-12-01,292,102.0,98.0,HistGradientBoosting,190.14041585398672,101.85958414601328
SKU10004,2024-11-25,2024-12-01,15,8.0,67.0,HistGradientBoosting,28.643775879618303,13.643775879618303
SKU10005,2024-11-25,2024-12-01,12,6.0,10.0,HistGradientBoosting,10.015493513124,1.9845064868760005
SKU10006,2024-11-25,2024-12-01,35,53.0,62.0,HistGradientBoosting,94.79071284972738,59.790712849727385
SKU10007,2024-11-25,2024-12-01,41,5.0,19.0,HistGradientBoosting,28.71248041546412,12.287519584535879
SKU10008,2024-11-25,2024-12-01,18,205.0,23.0,HistGradientBoosting,24.264769246187583,6.2647692461875835
SKU10009,2024-11-25,2024-12-01,64,35.0,29.0,HistGradientBoosting,80.0493632792659,16.049363279265904
SKU10010,2024-11-25,2024-12-01,24,110.0,15.0,HistGradientBoosting,46.06425138185727,22.064251381857268
SKU10011,2024-11-25,2024-12-01,52,24.0,20.0,HistGradientBoosting,88.37833467036708,36.37833467036708
SKU10012,2024-11-25,2024-12-01,12,38.0,45.0,HistGradientBoosting,50.9372757339426,38.9372757339426
SKU10013,2024-11-25,2024-12-01,186,180.0,76.0,HistGradientBoosting,88.13828920629851,97.86171079370149
SKU10014,2024-11-25,2024-12-01,19,37.0,33.0,HistGradientBoosting,50.5391654127631,31.539165412763097
SKU10015,2024-11-25,2024-12-01,102,39.0,64.0,HistGradientBoosting,97.2069001114694,4.793099888530605
SKU10016,2024-11-25,2024-12-01,10,132.0,11.0,HistGradientBoosting,21.966899835562305,11.966899835562305
SKU10017,2024-11-25,2024-12-01,56,191.0,59.0,HistGradientBoosting,115.11280335847617,59.11280335847617
SKU10018,2024-11-25,2024-12-01,180,41.0,183.0,HistGradientBoosting,52.3134724041467,127.6865275958533
SKU10019,2024-11-25,2024-12-01,701,182.0,267.0,HistGradientBoosting,289.8843903289834,411.1156096710166
SKU10020,2024-11-25,2024-12-01,34,29.0,128.0,HistGradientBoosting,74.97419138765655,40.974191387656546
SKU10021,2024-11-25,2024-12-01,523,766.0,758.0,HistGradientBoosting,835.8756179577646,312.8756179577646
SKU10022,2024-11-25,2024-12-01,40,301.0,187.0,HistGradientBoosting,77.72908556414404,37.72908556414404
SKU10023,2024-11-25,2024-12-01,33,9.0,27.0,HistGradientBoosting,15.388920103844525,17.611079896155474
SKU10024,2024-11-25,2024-12-01,194,138.0,174.0,HistGradientBoosting,194.65146601992305,0.6514660199230491
SKU10025,2024-11-25,2024-12-01,21,14.0,20.0,HistGradientBoosting,21.33208926099228,0.3320892609922801
SKU10026,2024-11-25,2024-12-01,5,8.0,9.0,HistGradientBoosting,44.90345725049183,39.90345725049183
SKU10027,2024-11-25,2024-12-01,6,21.0,121.0,HistGradientBoosting,38.762507204722596,32.762507204722596
SKU10028,2024-11-25,2024-12-01,51,37.0,220.0,HistGradientBoosting,53.6894376510353,2.6894376510352984
SKU10029,2024-11-25,2024-12-01,26,54.0,217.0,HistGradientBoosting,74.41352760516902,48.41352760516902
SKU10030,2024-11-25,2024-12-01,70,20.0,33.0,HistGradientBoosting,37.37540010658627,32.62459989341373
SKU10031,2024-11-25,2024-12-01,195,374.0,364.0,HistGradientBoosting,269.8515946279207,74.85159462792069
SKU10032,2024-11-25,2024-12-01,5,10.0,14.0,HistGradientBoosting,15.636624300214162,10.636624300214162
SKU10033,2024-11-25,2024-12-01,47,8.0,11.0,HistGradientBoosting,42.418269950501795,4.581730049498205
SKU10034,2024-11-25,2024-12-01,199,18.0,12.0,HistGradientBoosting,33.74446789000918,165.2555321099908
SKU10035,2024-11-25,2024-12-01,5,4.0,4.0,HistGradientBoosting,13.733594103874449,8.733594103874449
SKU10036,2024-11-25,2024-12-01,29,40.0,52.0,HistGradientBoosting,58.83081038048989,29.830810380489893
SKU10037,2024-11-25,2024-12-01,60,48.0,44.0,HistGradientBoosting,105.47921286974432,45.479212869744316
SKU10038,2024-11-25,2024-12-01,35,14.0,33.0,HistGradientBoosting,63.71042868139006,28.710428681390063
SKU10039,2024-11-25,2024-12-01,9,13.0,12.0,HistGradientBoosting,12.31769643976205,3.3176964397620505
SKU10040,2024-11-25,2024-12-01,28,21.0,139.0,HistGradientBoosting,40.09360175278781,12.093601752787812
SKU10041,2024-11-25,2024-12-01,3,1.0,5.0,HistGradientBoosting,8.666941866698993,5.666941866698993
SKU10042,2024-11-25,2024-12-01,136,88.0,180.0,HistGradientBoosting,187.81995818655545,51.81995818655545
SKU10043,2024-11-25,2024-12-01,6,6.0,10.0,HistGradientBoosting,12.996943945095921,6.996943945095921
SKU10044,2024-11-25,2024-12-01,20,63.0,163.0,HistGradientBoosting,144.62049383353545,124.62049383353545
SKU10045,2024-11-25,2024-12-01,1249,1866.0,1964.0,HistGradientBoosting,1460.4544032627368,211.45440326273683
SKU10046,2024-11-25,2024-12-01,46,124.0,34.0,HistGradientBoosting,82.20257888550145,36.20257888550145
SKU10047,2024-11-25,2024-12-01,494,382.0,680.0,HistGradientBoosting,473.84114358938444,20.158856410615556
SKU10048,2024-11-25,2024-12-01,165,164.0,31.0,HistGradientBoosting,48.32808972592089,116.67191027407911
SKU10049,2024-11-25,2024-12-01,86,97.0,87.0,HistGradientBoosting,173.09100968326032,87.09100968326032
SKU10050,2024-11-25,2024-12-01,12,48.0,43.0,HistGradientBoosting,51.886920523442434,39.886920523442434
SKU10051,2024-11-25,2024-12-01,47,94.0,244.0,HistGradientBoosting,159.2379042713832,112.2379042713832
SKU10052,2024-11-25,2024-12-01,1,3.0,9.0,HistGradientBoosting,9.76440471410104,8.76440471410104
SKU10053,2024-11-25,2024-12-01,21,1.0,11.0,HistGradientBoosting,10.20353013281176,10.79646986718824
SKU10054,2024-11-25,2024-12-01,3,6.0,8.0,HistGradientBoosting,14.53731263231728,11.53731263231728
SKU10055,2024-11-25,2024-12-01,70,159.0,75.0,HistGradientBoosting,112.23006820747547,42.23006820747547
SKU10056,2024-11-25,2024-12-01,117,240.0,209.0,HistGradientBoosting,238.94772406349767,121.94772406349767
SKU10057,2024-11-25,2024-12-01,47,108.0,99.0,HistGradientBoosting,157.1188188868846,110.11881888688461
SKU10058,2024-11-25,2024-12-01,9,0.0,5.0,HistGradientBoosting,17.544295334014024,8.544295334014024
SKU10059,2024-11-25,2024-12-01,96,307.0,203.0,HistGradientBoosting,278.15506372055995,182.15506372055995
SKU10060,2024-11-25,2024-12-01,31,29.0,12.0,HistGradientBoosting,40.901387458111735,9.901387458111735
SKU10061,2024-11-25,2024-12-01,17,16.0,42.0,HistGradientBoosting,35.73553041149011,18.73553041149011
SKU10062,2024-11-25,2024-12-01,2,7.0,16.0,HistGradientBoosting,12.253749495117997,10.253749495117997
SKU10063,2024-11-25,2024-12-01,91,76.0,175.0,HistGradientBoosting,143.6611892540616,52.66118925406161
SKU10064,2024-11-25,2024-12-01,15,10.0,24.0,HistGradientBoosting,21.415435356656324,6.4154353566563245
SKU10065,2024-11-25,2024-12-01,18,42.0,48.0,HistGradientBoosting,83.0844604558677,65.0844604558677
SKU10066,2024-11-25,2024-12-01,107,143.0,339.0,HistGradientBoosting,190.9472905114732,83.9472905114732
SKU10067,2024-11-25,2024-12-01,9,0.0,14.0,HistGradientBoosting,12.284585590610392,3.2845855906103925
SKU10068,2024-11-25,2024-12-01,14,43.0,66.0,HistGradientBoosting,61.61635972193014,47.61635972193014
SKU10069,2024-11-25,2024-12-01,6,25.0,6.0,HistGradientBoosting,15.749148515183752,9.749148515183752
SKU10070,2024-11-25,2024-12-01,122,12.0,211.0,HistGradientBoosting,50.991547227454156,71.00845277254584
SKU10071,2024-11-25,2024-12-01,17,45.0,32.0,HistGradientBoosting,55.627830925585066,38.627830925585066
SKU10072,2024-11-25,2024-12-01,14,17.0,22.0,HistGradientBoosting,27.927820675611926,13.927820675611926
SKU10073,2024-11-25,2024-12-01,41,60.0,71.0,HistGradientBoosting,138.96661865711678,97.96661865711678
SKU10074,2024-11-25,2024-12-01,30,32.0,102.0,HistGradientBoosting,52.966804665727786,22.966804665727786
SKU10075,2024-11-25,2024-12-01,33,39.0,40.0,HistGradientBoosting,93.12781259831395,60.12781259831395
SKU10076,2024-11-25,2024-12-01,54,73.0,250.0,HistGradientBoosting,119.6643553235105,65.6643553235105
SKU10077,2024-11-25,2024-12-01,175,51.0,36.0,HistGradientBoosting,106.64553444186271,68.35446555813729
SKU10078,2024-11-25,2024-12-01,11,30.0,61.0,HistGradientBoosting,74.09924688308607,63.09924688308607
SKU10079,2024-11-25,2024-12-01,14,53.0,73.0,HistGradientBoosting,73.76748978769746,59.76748978769746
SKU10080,2024-11-25,2024-12-01,123,29.0,28.0,HistGradientBoosting,49.48511444070406,73.51488555929595
SKU10081,2024-11-25,2024-12-01,43,17.0,39.0,HistGradientBoosting,29.124956953757867,13.875043046242133
SKU10082,2024-11-25,2024-12-01,279,160.0,384.0,HistGradientBoosting,282.49329479674856,3.4932947967485575
SKU10083,2024-11-25,2024-12-01,45,51.0,48.0,HistGradientBoosting,113.2570789015993,68.2570789015993
SKU10084,2024-11-25,2024-12-01,14,11.0,7.0,HistGradientBoosting,24.092840995555573,10.092840995555573
SKU10085,2024-11-25,2024-12-01,44,38.0,12.0,HistGradientBoosting,69.30310335035017,25.30310335035017
SKU10086,2024-11-25,2024-12-01,8,16.0,18.0,HistGradientBoosting,35.410378903037895,27.410378903037895
SKU10087,2024-11-25,2024-12-01,208,294.0,421.0,HistGradientBoosting,405.527974122277,197.527974122277
SKU10088,2024-11-25,2024-12-01,0,4.0,2.0,HistGradientBoosting,12.443081156378273,12.443081156378273
SKU10089,2024-11-25,2024-12-01,179,21.0,21.0,HistGradientBoosting,25.692079996739484,153.3079200032605
SKU10090,2024-11-25,2024-12-01,18,23.0,42.0,HistGradientBoosting,45.89700173821883,27.897001738218833
SKU10091,2024-11-25,2024-12-01,24,222.0,46.0,HistGradientBoosting,56.27008434092062,32.27008434092062
SKU10092,2024-11-25,2024-12-01,107,310.0,353.0,HistGradientBoosting,252.1573540255616,145.1573540255616
SKU10093,2024-11-25,2024-12-01,186,19.0,22.0,HistGradientBoosting,24.441688834322804,161.5583111656772
SKU10094,2024-11-25,2024-12-01,74,207.0,190.0,HistGradientBoosting,162.66549544083404,88.66549544083404
SKU10095,2024-11-25,2024-12-01,14,3.0,4.0,HistGradientBoosting,29.526416367551445,15.526416367551445
SKU10096,2024-11-25,2024-12-01,372,550.0,128.0,HistGradientBoosting,235.04234323253885,136.95765676746115
SKU10097,2024-11-25,2024-12-01,7,1.0,5.0,HistGradientBoosting,11.871034599528233,4.871034599528233
SKU10098,2024-11-25,2024-12-01,8,15.0,8.0,HistGradientBoosting,14.494930785930906,6.494930785930906
SKU10099,2024-11-25,2024-12-01,45,74.0,52.0,HistGradientBoosting,159.72782104956903,114.72782104956903
SKU10100,2024-11-25,2024-12-01,3076,2780.0,2807.0,HistGradientBoosting,3215.0341723937563,139.0341723937563
SKU10101,2024-11-25,2024-12-01,334,194.0,605.0,HistGradientBoosting,280.196020733274,53.803979266726
SKU10102,2024-11-25,2024-12-01,36,51.0,229.0,HistGradientBoosting,120.7053011241209,84.7053011241209
SKU10103,2024-11-25,2024-12-01,643,227.0,527.0,HistGradientBoosting,419.39186028211446,223.60813971788554
SKU10104,2024-11-25,2024-12-01,3,0.0,34.0,HistGradientBoosting,7.247694448620775,4.247694448620775
SKU10105,2024-11-25,2024-12-01,1022,816.0,891.0,HistGradientBoosting,850.6512719180583,171.34872808194166
SKU10106,2024-11-25,2024-12-01,23,17.0,35.0,HistGradientBoosting,57.65163764833973,34.65163764833973
SKU10107,2024-11-25,2024-12-01,78,75.0,74.0,HistGradientBoosting,164.3301523873512,86.3301523873512
SKU10108,2024-11-25,2024-12-01,104,167.0,74.0,HistGradientBoosting,213.15160206861432,109.15160206861432
SKU10109,2024-11-25,2024-12-01,267,72.0,69.0,HistGradientBoosting,131.51793466947143,135.48206533052857
SKU10110,2024-11-25,2024-12-01,43,21.0,23.0,HistGradientBoosting,70.0058145899593,27.0058145899593
SKU10111,2024-11-25,2024-12-01,38,42.0,43.0,HistGradientBoosting,53.77040049700212,15.770400497002122
SKU10112,2024-11-25,2024-12-01,296,368.0,263.0,HistGradientBoosting,261.0676863210752,34.9323136789248
SKU10113,2024-11-25,2024-12-01,16,9.0,92.0,HistGradientBoosting,22.251636365564757,6.251636365564757
SKU10114,2024-11-25,2024-12-01,715,481.0,888.0,HistGradientBoosting,877.3178319193865,162.31783191938655
SKU10115,2024-11-25,2024-12-01,90,172.0,72.0,HistGradientBoosting,141.46821180881466,51.46821180881466
SKU10116,2024-11-25,2024-12-01,34,17.0,12.0,HistGradientBoosting,19.743679310802797,14.256320689197203
SKU10117,2024-11-25,2024-12-01,146,166.0,65.0,HistGradientBoosting,164.7514234695864,18.7514234695864
SKU10118,2024-11-25,2024-12-01,52,89.0,46.0,HistGradientBoosting,76.99239032287686,24.992390322876858
SKU10119,2024-11-25,2024-12-01,56,56.0,57.0,HistGradientBoosting,106.47436285794936,50.47436285794936
SKU10120,2024-11-25,2024-12-01,88,100.0,283.0,HistGradientBoosting,197.29858142953765,109.29858142953765
SKU10121,2024-11-25,2024-12-01,1,10.0,0.0,HistGradientBoosting,11.563302360500893,10.563302360500893
SKU10122,2024-11-25,2024-12-01,27,29.0,38.0,HistGradientBoosting,40.85087614438828,13.85087614438828
SKU10123,2024-11-25,2024-12-01,421,241.0,600.0,HistGradientBoosting,558.1521687805772,137.1521687805772
SKU10124,2024-11-25,2024-12-01,13,15.0,35.0,HistGradientBoosting,15.691111308186189,2.691111308186189
SKU10125,2024-11-25,2024-12-01,42,73.0,46.0,HistGradientBoosting,89.40309063314365,47.40309063314365
SKU10126,2024-11-25,2024-12-01,33,32.0,32.0,HistGradientBoosting,44.86009383944234,11.860093839442342
SKU10127,2024-11-25,2024-12-01,24,35.0,29.0,HistGradientBoosting,57.812484149994326,33.812484149994326
SKU10128,2024-11-25,2024-12-01,44,39.0,217.0,HistGradientBoosting,99.27654706008586,55.27654706008586
SKU10129,2024-11-25,2024-12-01,39,52.0,56.0,HistGradientBoosting,60.49761645167207,21.497616451672073
SKU10130,2024-11-25,2024-12-01,15,9.0,27.0,HistGradientBoosting,43.000373721234844,28.000373721234844
SKU10131,2024-11-25,2024-12-01,50,220.0,245.0,HistGradientBoosting,126.845261402139,76.845261402139
SKU10132,2024-11-25,2024-12-01,0,6.0,15.0,HistGradientBoosting,12.374431686640241,12.374431686640241
SKU10133,2024-11-25,2024-12-01,9,4.0,19.0,HistGradientBoosting,12.647658228745476,3.6476582287454757
SKU10134,2024-11-25,2024-12-01,2,6.0,1.0,HistGradientBoosting,12.87357175450704,10.87357175450704
SKU10135,2024-11-25,2024-12-01,1,19.0,33.0,HistGradientBoosting,21.25379041175065,20.25379041175065
SKU10136,2024-11-25,2024-12-01,101,43.0,36.0,HistGradientBoosting,57.166593221962756,43.833406778037244
SKU10137,2024-11-25,2024-12-01,35,24.0,234.0,HistGradientBoosting,100.67481717548287,65.67481717548287
SKU10138,2024-11-25,2024-12-01,52,187.0,138.0,HistGradientBoosting,232.6922709122947,180.6922709122947
SKU10139,2024-11-25,2024-12-01,1,6.0,5.0,HistGradientBoosting,15.140164358178337,14.140164358178337
SKU10140,2024-11-25,2024-12-01,164,335.0,103.0,HistGradientBoosting,265.0450676415933,101.04506764159328
SKU10141,2024-11-25,2024-12-01,208,72.0,273.0,HistGradientBoosting,151.20629251651283,56.79370748348717
SKU10142,2024-11-25,2024-12-01,15,30.0,51.0,HistGradientBoosting,60.2695982469548,45.2695982469548
SKU10143,2024-11-25,2024-12-01,223,545.0,239.0,HistGradientBoosting,426.55401304206026,203.55401304206026
SKU10144,2024-11-25,2024-12-01,1535,2337.0,1800.0,HistGradientBoosting,1723.0982016000016,188.09820160000163
SKU10145,2024-11-25,2024-12-01,8,7.0,6.0,HistGradientBoosting,21.37010774297527,13.370107742975271
SKU10146,2024-11-25,2024-12-01,13,16.0,24.0,HistGradientBoosting,24.22777200642768,11.227772006427681
SKU10147,2024-11-25,2024-12-01,303,385.0,489.0,HistGradientBoosting,395.7000146873807,92.7000146873807
SKU10148,2024-11-25,2024-12-01,137,128.0,96.0,HistGradientBoosting,123.27744630877494,13.722553691225059
SKU10149,2024-11-25,2024-12-01,3,10.0,8.0,HistGradientBoosting,11.373726175508343,8.373726175508343
SKU10000,2024-12-02,2024-12-08,210,101.0,110.0,HistGradientBoosting,138.12124286132192,71.87875713867808
SKU10001,2024-12-02,2024-12-08,18,32.0,41.0,HistGradientBoosting,67.62604813482535,49.62604813482535
SKU10002,2024-12-02,2024-12-08,227,418.0,434.0,HistGradientBoosting,252.82926406289562,25.829264062895618
SKU10003,2024-12-02,2024-12-08,128,292.0,91.0,HistGradientBoosting,179.16087845011148,51.16087845011148
SKU10004,2024-12-02,2024-12-08,8,15.0,16.0,HistGradientBoosting,15.949366513929595,7.949366513929595
SKU10005,2024-12-02,2024-12-08,4,12.0,5.0,HistGradientBoosting,12.562049173084961,8.562049173084961
SKU10006,2024-12-02,2024-12-08,45,35.0,76.0,HistGradientBoosting,105.04112976938383,60.04112976938383
SKU10007,2024-12-02,2024-12-08,27,41.0,25.0,HistGradientBoosting,42.09209110707479,15.092091107074793
SKU10008,2024-12-02,2024-12-08,22,18.0,6.0,HistGradientBoosting,35.58896010513263,13.588960105132628
SKU10009,2024-12-02,2024-12-08,46,64.0,159.0,HistGradientBoosting,71.54658454016564,25.54658454016564
SKU10010,2024-12-02,2024-12-08,9,24.0,25.0,HistGradientBoosting,48.073128671518646,39.073128671518646
SKU10011,2024-12-02,2024-12-08,88,52.0,62.0,HistGradientBoosting,77.53805682503089,10.461943174969107
SKU10012,2024-12-02,2024-12-08,25,12.0,21.0,HistGradientBoosting,41.64880570897026,16.648805708970258
SKU10013,2024-12-02,2024-12-08,34,186.0,55.0,HistGradientBoosting,102.65892550301785,68.65892550301785
SKU10014,2024-12-02,2024-12-08,106,19.0,38.0,HistGradientBoosting,38.181106071290785,67.81889392870922
SKU10015,2024-12-02,2024-12-08,257,102.0,93.0,HistGradientBoosting,124.24297331403412,132.75702668596588
SKU10016,2024-12-02,2024-12-08,26,10.0,26.0,HistGradientBoosting,30.28779323231458,4.287793232314581
SKU10017,2024-12-02,2024-12-08,101,56.0,189.0,HistGradientBoosting,111.99433804703641,10.994338047036408
SKU10018,2024-12-02,2024-12-08,128,180.0,38.0,HistGradientBoosting,52.841922673869426,75.15807732613058
SKU10019,2024-12-02,2024-12-08,331,701.0,197.0,HistGradientBoosting,320.7451442055994,10.254855794400612
SKU10020,2024-12-02,2024-12-08,47,34.0,46.0,HistGradientBoosting,58.33624969484211,11.33624969484211
SKU10021,2024-12-02,2024-12-08,612,523.0,1157.0,HistGradientBoosting,929.8281970160143,317.8281970160143
SKU10022,2024-12-02,2024-12-08,275,40.0,107.0,HistGradientBoosting,79.2761475826403,195.7238524173597
SKU10023,2024-12-02,2024-12-08,16,33.0,0.0,HistGradientBoosting,24.502147441243103,8.502147441243103
SKU10024,2024-12-02,2024-12-08,123,194.0,317.0,HistGradientBoosting,232.28400735664331,109.28400735664331
SKU10025,2024-12-02,2024-12-08,25,21.0,46.0,HistGradientBoosting,46.50455680683672,21.504556806836717
SKU10026,2024-12-02,2024-12-08,221,5.0,27.0,HistGradientBoosting,43.58225149635842,177.41774850364158
SKU10027,2024-12-02,2024-12-08,1,6.0,4.0,HistGradientBoosting,28.955541420962444,27.955541420962444
SKU10028,2024-12-02,2024-12-08,33,51.0,129.0,HistGradientBoosting,67.27071699288403,34.27071699288403
SKU10029,2024-12-02,2024-12-08,40,26.0,36.0,HistGradientBoosting,80.95448635271164,40.95448635271164
SKU10030,2024-12-02,2024-12-08,90,70.0,24.0,HistGradientBoosting,38.691331855240655,51.308668144759345
SKU10031,2024-12-02,2024-12-08,139,195.0,344.0,HistGradientBoosting,304.63293552989165,165.63293552989165
SKU10032,2024-12-02,2024-12-08,6,5.0,19.0,HistGradientBoosting,14.322508492874814,8.322508492874814
SKU10033,2024-12-02,2024-12-08,16,47.0,30.0,HistGradientBoosting,25.17976830494898,9.179768304948979
SKU10034,2024-12-02,2024-12-08,20,199.0,31.0,HistGradientBoosting,44.767271559542394,24.767271559542394
SKU10035,2024-12-02,2024-12-08,14,5.0,186.0,HistGradientBoosting,17.523338302177294,3.5233383021772937
SKU10036,2024-12-02,2024-12-08,31,29.0,41.0,HistGradientBoosting,57.52507335540642,26.52507335540642
SKU10037,2024-12-02,2024-12-08,37,60.0,70.0,HistGradientBoosting,152.3084919152867,115.30849191528671
SKU10038,2024-12-02,2024-12-08,35,35.0,38.0,HistGradientBoosting,58.92899127943582,23.92899127943582
SKU10039,2024-12-02,2024-12-08,165,9.0,6.0,HistGradientBoosting,14.892438431495009,150.107561568505
SKU10040,2024-12-02,2024-12-08,67,28.0,29.0,HistGradientBoosting,53.110258195012776,13.889741804987224
SKU10041,2024-12-02,2024-12-08,1,3.0,0.0,HistGradientBoosting,13.01689633056895,12.01689633056895
SKU10042,2024-12-02,2024-12-08,144,136.0,442.0,HistGradientBoosting,218.18972205757433,74.18972205757433
SKU10043,2024-12-02,2024-12-08,12,6.0,4.0,HistGradientBoosting,13.323681255006129,1.3236812550061288
SKU10044,2024-12-02,2024-12-08,76,20.0,35.0,HistGradientBoosting,129.51733731087938,53.517337310879384
SKU10045,2024-12-02,2024-12-08,1054,1249.0,1608.0,HistGradientBoosting,1473.1609952575777,419.1609952575777
SKU10046,2024-12-02,2024-12-08,39,46.0,39.0,HistGradientBoosting,128.66630397072424,89.66630397072424
SKU10047,2024-12-02,2024-12-08,733,494.0,592.0,HistGradientBoosting,394.58182565065556,338.41817434934444
SKU10048,2024-12-02,2024-12-08,4,165.0,21.0,HistGradientBoosting,52.57107436970777,48.57107436970777
SKU10049,2024-12-02,2024-12-08,93,86.0,107.0,HistGradientBoosting,135.6954436239223,42.6954436239223
SKU10050,2024-12-02,2024-12-08,40,12.0,40.0,HistGradientBoosting,54.63742387372555,14.637423873725552
SKU10051,2024-12-02,2024-12-08,78,47.0,348.0,HistGradientBoosting,144.4217642180715,66.4217642180715
SKU10052,2024-12-02,2024-12-08,8,1.0,17.0,HistGradientBoosting,12.585656683023503,4.585656683023503
SKU10053,2024-12-02,2024-12-08,37,21.0,63.0,HistGradientBoosting,15.524444126111183,21.475555873888815
SKU10054,2024-12-02,2024-12-08,165,3.0,7.0,HistGradientBoosting,17.753068518663486,147.2469314813365
SKU10055,2024-12-02,2024-12-08,129,70.0,268.0,HistGradientBoosting,146.27923762430865,17.27923762430865
SKU10056,2024-12-02,2024-12-08,199,117.0,587.0,HistGradientBoosting,226.55016500151174,27.550165001511743
SKU10057,2024-12-02,2024-12-08,218,47.0,634.0,HistGradientBoosting,130.9723064161174,87.02769358388261
SKU10058,2024-12-02,2024-12-08,6,9.0,7.0,HistGradientBoosting,19.36390594391001,13.363905943910009
SKU10059,2024-12-02,2024-12-08,145,96.0,183.0,HistGradientBoosting,194.29476054059907,49.29476054059907
SKU10060,2024-12-02,2024-12-08,33,31.0,25.0,HistGradientBoosting,39.30382950798541,6.303829507985412
SKU10061,2024-12-02,2024-12-08,22,17.0,14.0,HistGradientBoosting,30.804091882730027,8.804091882730027
SKU10062,2024-12-02,2024-12-08,6,2.0,6.0,HistGradientBoosting,11.121187513012078,5.121187513012078
SKU10063,2024-12-02,2024-12-08,249,91.0,75.0,HistGradientBoosting,123.60203615593333,125.39796384406667
SKU10064,2024-12-02,2024-12-08,7,15.0,10.0,HistGradientBoosting,22.78989576923885,15.78989576923885
SKU10065,2024-12-02,2024-12-08,136,18.0,66.0,HistGradientBoosting,76.92391236898006,59.076087631019945
SKU10066,2024-12-02,2024-12-08,125,107.0,124.0,HistGradientBoosting,163.19560997640102,38.195609976401016
SKU10067,2024-12-02,2024-12-08,20,9.0,4.0,HistGradientBoosting,23.193356651568738,3.193356651568738
SKU10068,2024-12-02,2024-12-08,33,14.0,34.0,HistGradientBoosting,56.593362875442324,23.593362875442324
SKU10069,2024-12-02,2024-12-08,1,6.0,109.0,HistGradientBoosting,24.43802741454735,23.43802741454735
SKU10070,2024-12-02,2024-12-08,28,122.0,35.0,HistGradientBoosting,26.847156776392275,1.152843223607725
SKU10071,2024-12-02,2024-12-08,40,17.0,27.0,HistGradientBoosting,61.97893527144619,21.97893527144619
SKU10072,2024-12-02,2024-12-08,36,14.0,16.0,HistGradientBoosting,32.372049215475364,3.6279507845246357
SKU10073,2024-12-02,2024-12-08,69,41.0,71.0,HistGradientBoosting,133.93689265716858,64.93689265716858
SKU10074,2024-12-02,2024-12-08,52,30.0,63.0,HistGradientBoosting,79.03034671871652,27.030346718716515
SKU10075,2024-12-02,2024-12-08,33,33.0,24.0,HistGradientBoosting,66.79388412574407,33.79388412574407
SKU10076,2024-12-02,2024-12-08,146,54.0,233.0,HistGradientBoosting,167.57462158755325,21.574621587553253
SKU10077,2024-12-02,2024-12-08,34,175.0,54.0,HistGradientBoosting,119.56640271087933,85.56640271087933
SKU10078,2024-12-02,2024-12-08,47,11.0,236.0,HistGradientBoosting,48.4200104597622,1.420010459762203
SKU10079,2024-12-02,2024-12-08,32,14.0,52.0,HistGradientBoosting,63.69847884639218,31.698478846392177
SKU10080,2024-12-02,2024-12-08,50,123.0,34.0,HistGradientBoosting,50.89406112584889,0.8940611258488929
SKU10081,2024-12-02,2024-12-08,19,43.0,21.0,HistGradientBoosting,45.52398543686419,26.523985436864187
SKU10082,2024-12-02,2024-12-08,210,279.0,625.0,HistGradientBoosting,290.22538495604016,80.22538495604016
SKU10083,2024-12-02,2024-12-08,171,45.0,62.0,HistGradientBoosting,71.64295327976374,99.35704672023626
SKU10084,2024-12-02,2024-12-08,8,14.0,16.0,HistGradientBoosting,27.148772199140534,19.148772199140534
SKU10085,2024-12-02,2024-12-08,58,44.0,39.0,HistGradientBoosting,66.40254959847789,8.40254959847789
SKU10086,2024-12-02,2024-12-08,2,8.0,3.0,HistGradientBoosting,49.678865332853555,47.678865332853555
SKU10087,2024-12-02,2024-12-08,602,208.0,479.0,HistGradientBoosting,395.29221223009995,206.70778776990005
SKU10088,2024-12-02,2024-12-08,4,0.0,9.0,HistGradientBoosting,10.328130239546628,6.328130239546628
SKU10089,2024-12-02,2024-12-08,16,179.0,12.0,HistGradientBoosting,37.366597602297354,21.366597602297354
SKU10090,2024-12-02,2024-12-08,13,18.0,43.0,HistGradientBoosting,60.89432080754301,47.89432080754301
SKU10091,2024-12-02,2024-12-08,36,24.0,187.0,HistGradientBoosting,56.37039084536752,20.370390845367517
SKU10092,2024-12-02,2024-12-08,202,107.0,154.0,HistGradientBoosting,265.7822457644096,63.782245764409595
SKU10093,2024-12-02,2024-12-08,1,186.0,11.0,HistGradientBoosting,26.31877447944876,25.31877447944876
SKU10094,2024-12-02,2024-12-08,371,74.0,337.0,HistGradientBoosting,138.69988477441922,232.30011522558078
SKU10095,2024-12-02,2024-12-08,9,14.0,5.0,HistGradientBoosting,20.068150762061634,11.068150762061634
SKU10096,2024-12-02,2024-12-08,142,372.0,324.0,HistGradientBoosting,277.00246178003334,135.00246178003334
SKU10097,2024-12-02,2024-12-08,7,7.0,112.0,HistGradientBoosting,20.645103895099858,13.645103895099858
SKU10098,2024-12-02,2024-12-08,4,8.0,0.0,HistGradientBoosting,11.700462213700373,7.700462213700373
SKU10099,2024-12-02,2024-12-08,87,45.0,97.0,HistGradientBoosting,131.4610385210445,44.461038521044486
SKU10100,2024-12-02,2024-12-08,3058,3076.0,3359.0,HistGradientBoosting,3166.872403224701,108.87240322470097
SKU10101,2024-12-02,2024-12-08,188,334.0,507.0,HistGradientBoosting,298.8879193949793,110.88791939497929
SKU10102,2024-12-02,2024-12-08,32,36.0,163.0,HistGradientBoosting,108.56228858175602,76.56228858175602
SKU10103,2024-12-02,2024-12-08,535,643.0,552.0,HistGradientBoosting,404.3279800293764,130.67201997062358
SKU10104,2024-12-02,2024-12-08,10,3.0,10.0,HistGradientBoosting,9.37206736608655,0.6279326339134492
SKU10105,2024-12-02,2024-12-08,938,1022.0,1171.0,HistGradientBoosting,909.4616872543853,28.53831274561469
SKU10106,2024-12-02,2024-12-08,32,23.0,64.0,HistGradientBoosting,48.35476741992156,16.354767419921558
SKU10107,2024-12-02,2024-12-08,156,78.0,81.0,HistGradientBoosting,179.15083435842095,23.15083435842095
SKU10108,2024-12-02,2024-12-08,130,104.0,301.0,HistGradientBoosting,217.84563077353175,87.84563077353175
SKU10109,2024-12-02,2024-12-08,437,267.0,172.0,HistGradientBoosting,144.89548676225317,292.1045132377468
SKU10110,2024-12-02,2024-12-08,32,43.0,58.0,HistGradientBoosting,71.00082376825505,39.000823768255046
SKU10111,2024-12-02,2024-12-08,252,38.0,29.0,HistGradientBoosting,50.542387192890466,201.45761280710954
SKU10112,2024-12-02,2024-12-08,131,296.0,455.0,HistGradientBoosting,271.82819812496746,140.82819812496746
SKU10113,2024-12-02,2024-12-08,21,16.0,23.0,HistGradientBoosting,28.98968063760282,7.98968063760282
SKU10114,2024-12-02,2024-12-08,697,715.0,541.0,HistGradientBoosting,878.2740199226425,181.27401992264254
SKU10115,2024-12-02,2024-12-08,254,90.0,75.0,HistGradientBoosting,189.67842021136607,64.32157978863393
SKU10116,2024-12-02,2024-12-08,21,34.0,29.0,HistGradientBoosting,30.233550175898618,9.233550175898618
SKU10117,2024-12-02,2024-12-08,157,146.0,163.0,HistGradientBoosting,219.2831453913972,62.2831453913972
SKU10118,2024-12-02,2024-12-08,49,52.0,50.0,HistGradientBoosting,94.48924447744618,45.48924447744618
SKU10119,2024-12-02,2024-12-08,369,56.0,270.0,HistGradientBoosting,92.62476445962126,276.37523554037875
SKU10120,2024-12-02,2024-12-08,174,88.0,394.0,HistGradientBoosting,184.5627683995601,10.562768399560099
SKU10121,2024-12-02,2024-12-08,12,1.0,7.0,HistGradientBoosting,10.27348047712696,1.7265195228730406
SKU10122,2024-12-02,2024-12-08,40,27.0,22.0,HistGradientBoosting,53.34250387926189,13.34250387926189
SKU10123,2024-12-02,2024-12-08,587,421.0,489.0,HistGradientBoosting,587.0508692619954,0.050869261995444504
SKU10124,2024-12-02,2024-12-08,36,13.0,10.0,HistGradientBoosting,26.522078127142965,9.477921872857035
SKU10125,2024-12-02,2024-12-08,43,42.0,82.0,HistGradientBoosting,120.50078741257755,77.50078741257755
SKU10126,2024-12-02,2024-12-08,30,33.0,52.0,HistGradientBoosting,73.68399381951811,43.68399381951811
SKU10127,2024-12-02,2024-12-08,31,24.0,33.0,HistGradientBoosting,60.14585711925545,29.145857119255453
SKU10128,2024-12-02,2024-12-08,27,44.0,109.0,HistGradientBoosting,93.26583556157283,66.26583556157283
SKU10129,2024-12-02,2024-12-08,45,39.0,238.0,HistGradientBoosting,102.61243728661049,57.612437286610486
SKU10130,2024-12-02,2024-12-08,0,15.0,22.0,HistGradientBoosting,28.282527957202962,28.282527957202962
SKU10131,2024-12-02,2024-12-08,48,50.0,167.0,HistGradientBoosting,144.32269623830427,96.32269623830427
SKU10132,2024-12-02,2024-12-08,7,0.0,7.0,HistGradientBoosting,12.481360307781008,5.481360307781008
SKU10133,2024-12-02,2024-12-08,16,9.0,143.0,HistGradientBoosting,23.73688409995887,7.736884099958871
SKU10134,2024-12-02,2024-12-08,0,2.0,3.0,HistGradientBoosting,12.064682394335424,12.064682394335424
SKU10135,2024-12-02,2024-12-08,3,1.0,9.0,HistGradientBoosting,15.562494153444916,12.562494153444916
SKU10136,2024-12-02,2024-12-08,20,101.0,38.0,HistGradientBoosting,78.59687127845895,58.59687127845895
SKU10137,2024-12-02,2024-12-08,29,35.0,45.0,HistGradientBoosting,83.7196051101091,54.7196051101091
SKU10138,2024-12-02,2024-12-08,291,52.0,227.0,HistGradientBoosting,163.56618702898135,127.43381297101865
SKU10139,2024-12-02,2024-12-08,19,1.0,19.0,HistGradientBoosting,13.433623152597853,5.566376847402147
SKU10140,2024-12-02,2024-12-08,290,164.0,146.0,HistGradientBoosting,283.9684427036556,6.031557296344374
SKU10141,2024-12-02,2024-12-08,103,208.0,398.0,HistGradientBoosting,175.95031424500294,72.95031424500294
SKU10142,2024-12-02,2024-12-08,35,15.0,13.0,HistGradientBoosting,43.84634306031863,8.846343060318631
SKU10143,2024-12-02,2024-12-08,343,223.0,723.0,HistGradientBoosting,429.05095127808534,86.05095127808534
SKU10144,2024-12-02,2024-12-08,1383,1535.0,2117.0,HistGradientBoosting,1731.4328920731696,348.43289207316957
SKU10145,2024-12-02,2024-12-08,6,8.0,2.0,HistGradientBoosting,19.081487019001592,13.081487019001592
SKU10146,2024-12-02,2024-12-08,150,13.0,259.0,HistGradientBoosting,64.63102458617426,85.36897541382574
SKU10147,2024-12-02,2024-12-08,212,303.0,414.0,HistGradientBoosting,422.45195402894456,210.45195402894456
SKU10148,2024-12-02,2024-12-08,72,137.0,266.0,HistGradientBoosting,144.22251000193086,72.22251000193086
SKU10149,2024-12-02,2024-12-08,18,3.0,8.0,HistGradientBoosting,12.91263363508585,5.08736636491415
SKU10000,2024-12-09,2024-12-15,138,210.0,394.0,HistGradientBoosting,181.9429261666658,43.94292616666581
SKU10001,2024-12-09,2024-12-15,198,18.0,37.0,HistGradientBoosting,57.35712484204346,140.64287515795655
SKU10002,2024-12-09,2024-12-15,127,227.0,667.0,HistGradientBoosting,246.3103519100805,119.3103519100805
SKU10003,2024-12-09,2024-12-15,105,128.0,298.0,HistGradientBoosting,173.74734869225426,68.74734869225426
SKU10004,2024-12-09,2024-12-15,13,8.0,5.0,HistGradientBoosting,12.10001902666197,0.89998097333803
SKU10005,2024-12-09,2024-12-15,3,4.0,18.0,HistGradientBoosting,12.85245785939992,9.85245785939992
SKU10006,2024-12-09,2024-12-15,50,45.0,52.0,HistGradientBoosting,69.09971666846047,19.099716668460474
SKU10007,2024-12-09,2024-12-15,30,27.0,38.0,HistGradientBoosting,47.93261896070911,17.932618960709107
SKU10008,2024-12-09,2024-12-15,8,22.0,21.0,HistGradientBoosting,40.75110676969582,32.75110676969582
SKU10009,2024-12-09,2024-12-15,44,46.0,82.0,HistGradientBoosting,105.11149070374994,61.111490703749936
SKU10010,2024-12-09,2024-12-15,10,9.0,22.0,HistGradientBoosting,39.910166438818294,29.910166438818294
SKU10011,2024-12-09,2024-12-15,35,88.0,78.0,HistGradientBoosting,111.35247926557345,76.35247926557345
SKU10012,2024-12-09,2024-12-15,163,25.0,18.0,HistGradientBoosting,37.7536352497103,125.2463647502897
SKU10013,2024-12-09,2024-12-15,23,34.0,56.0,HistGradientBoosting,105.18907915912943,82.18907915912943
SKU10014,2024-12-09,2024-12-15,13,106.0,41.0,HistGradientBoosting,30.314567075531578,17.314567075531578
SKU10015,2024-12-09,2024-12-15,53,257.0,242.0,HistGradientBoosting,118.19317918409502,65.19317918409502
SKU10016,2024-12-09,2024-12-15,4,26.0,24.0,HistGradientBoosting,23.23756523664131,19.23756523664131
SKU10017,2024-12-09,2024-12-15,82,101.0,250.0,HistGradientBoosting,143.51432229275966,61.51432229275966
SKU10018,2024-12-09,2024-12-15,186,128.0,9.0,HistGradientBoosting,90.49089060520211,95.50910939479789
SKU10019,2024-12-09,2024-12-15,184,331.0,395.0,HistGradientBoosting,405.3674822933448,221.36748229334478
SKU10020,2024-12-09,2024-12-15,55,47.0,78.0,HistGradientBoosting,57.88343726143237,2.88343726143237
SKU10021,2024-12-09,2024-12-15,835,612.0,926.0,HistGradientBoosting,880.4762921147403,45.47629211474032
SKU10022,2024-12-09,2024-12-15,189,275.0,63.0,HistGradientBoosting,74.25292414610142,114.74707585389858
SKU10023,2024-12-09,2024-12-15,15,16.0,30.0,HistGradientBoosting,38.18382691912426,23.183826919124257
SKU10024,2024-12-09,2024-12-15,154,123.0,120.0,HistGradientBoosting,239.9055808720893,85.9055808720893
SKU10025,2024-12-09,2024-12-15,24,25.0,21.0,HistGradientBoosting,35.604842159748685,11.604842159748685
SKU10026,2024-12-09,2024-12-15,11,221.0,44.0,HistGradientBoosting,25.05732659028232,14.057326590282319
SKU10027,2024-12-09,2024-12-15,3,1.0,2.0,HistGradientBoosting,17.53760815081091,14.537608150810911
SKU10028,2024-12-09,2024-12-15,229,33.0,55.0,HistGradientBoosting,74.65030527660689,154.3496947233931
SKU10029,2024-12-09,2024-12-15,54,40.0,38.0,HistGradientBoosting,72.98025166370185,18.98025166370185
SKU10030,2024-12-09,2024-12-15,4,90.0,20.0,HistGradientBoosting,43.47234821422161,39.47234821422161
SKU10031,2024-12-09,2024-12-15,148,139.0,423.0,HistGradientBoosting,291.4964628375819,143.49646283758187
SKU10032,2024-12-09,2024-12-15,180,6.0,62.0,HistGradientBoosting,17.438478806053862,162.56152119394613
SKU10033,2024-12-09,2024-12-15,6,16.0,200.0,HistGradientBoosting,30.00518868167101,24.00518868167101
SKU10034,2024-12-09,2024-12-15,20,20.0,20.0,HistGradientBoosting,41.05423741484552,21.054237414845517
SKU10035,2024-12-09,2024-12-15,7,14.0,6.0,HistGradientBoosting,29.817713627111655,22.817713627111655
SKU10036,2024-12-09,2024-12-15,36,31.0,37.0,HistGradientBoosting,71.00475629427201,35.00475629427201
SKU10037,2024-12-09,2024-12-15,88,37.0,69.0,HistGradientBoosting,103.4899087821176,15.489908782117595
SKU10038,2024-12-09,2024-12-15,139,35.0,33.0,HistGradientBoosting,57.52412945551841,81.47587054448158
SKU10039,2024-12-09,2024-12-15,7,165.0,9.0,HistGradientBoosting,16.678034779740493,9.678034779740493
SKU10040,2024-12-09,2024-12-15,25,67.0,34.0,HistGradientBoosting,43.4346659293795,18.4346659293795
SKU10041,2024-12-09,2024-12-15,12,1.0,8.0,HistGradientBoosting,8.51075180510376,3.4892481948962395
SKU10042,2024-12-09,2024-12-15,142,144.0,453.0,HistGradientBoosting,199.26200996868974,57.26200996868974
SKU10043,2024-12-09,2024-12-15,15,12.0,17.0,HistGradientBoosting,21.317400850384644,6.317400850384644
SKU10044,2024-12-09,2024-12-15,28,76.0,87.0,HistGradientBoosting,69.11763746039799,41.11763746039799
SKU10045,2024-12-09,2024-12-15,1066,1054.0,1704.0,HistGradientBoosting,1429.2597734655246,363.25977346552463
SKU10046,2024-12-09,2024-12-15,58,39.0,71.0,HistGradientBoosting,90.18285764970528,32.182857649705284
SKU10047,2024-12-09,2024-12-15,184,733.0,413.0,HistGradientBoosting,522.954572219034,338.95457221903405
SKU10048,2024-12-09,2024-12-15,7,4.0,15.0,HistGradientBoosting,22.9653882532568,15.965388253256801
SKU10049,2024-12-09,2024-12-15,219,93.0,246.0,HistGradientBoosting,160.98036055937925,58.01963944062075
SKU10050,2024-12-09,2024-12-15,38,40.0,69.0,HistGradientBoosting,36.21755306373513,1.7824469362648685
SKU10051,2024-12-09,2024-12-15,76,78.0,98.0,HistGradientBoosting,153.01762783473478,77.01762783473478
SKU10052,2024-12-09,2024-12-15,3,8.0,17.0,HistGradientBoosting,16.41987692053829,13.41987692053829
SKU10053,2024-12-09,2024-12-15,5,37.0,9.0,HistGradientBoosting,23.591214860091682,18.591214860091682
SKU10054,2024-12-09,2024-12-15,22,165.0,24.0,HistGradientBoosting,15.142804330348607,6.857195669651393
SKU10055,2024-12-09,2024-12-15,72,129.0,54.0,HistGradientBoosting,180.89854004998762,108.89854004998762
SKU10056,2024-12-09,2024-12-15,69,199.0,135.0,HistGradientBoosting,245.22356913264835,176.22356913264835
SKU10057,2024-12-09,2024-12-15,195,218.0,117.0,HistGradientBoosting,133.60848654728437,61.39151345271563
SKU10058,2024-12-09,2024-12-15,1,6.0,16.0,HistGradientBoosting,15.919148399188652,14.919148399188652
SKU10059,2024-12-09,2024-12-15,113,145.0,212.0,HistGradientBoosting,268.12049510575605,155.12049510575605
SKU10060,2024-12-09,2024-12-15,38,33.0,22.0,HistGradientBoosting,39.36093085428404,1.3609308542840424
SKU10061,2024-12-09,2024-12-15,31,22.0,40.0,HistGradientBoosting,29.407762491139813,1.5922375088601868
SKU10062,2024-12-09,2024-12-15,2,6.0,25.0,HistGradientBoosting,10.433575720900272,8.433575720900272
SKU10063,2024-12-09,2024-12-15,191,249.0,215.0,HistGradientBoosting,191.30721203476335,0.3072120347633529
SKU10064,2024-12-09,2024-12-15,3,7.0,9.0,HistGradientBoosting,18.97145526133454,15.97145526133454
SKU10065,2024-12-09,2024-12-15,96,136.0,168.0,HistGradientBoosting,61.70178162529988,34.29821837470012
SKU10066,2024-12-09,2024-12-15,102,125.0,153.0,HistGradientBoosting,212.71858926453262,110.71858926453262
SKU10067,2024-12-09,2024-12-15,13,20.0,8.0,HistGradientBoosting,22.526342892596624,9.526342892596624
SKU10068,2024-12-09,2024-12-15,122,33.0,44.0,HistGradientBoosting,65.57054038802863,56.42945961197137
SKU10069,2024-12-09,2024-12-15,9,1.0,13.0,HistGradientBoosting,26.88658728248782,17.88658728248782
SKU10070,2024-12-09,2024-12-15,35,28.0,30.0,HistGradientBoosting,31.492582577177142,3.507417422822858
SKU10071,2024-12-09,2024-12-15,29,40.0,34.0,HistGradientBoosting,56.23221164254401,27.23221164254401
SKU10072,2024-12-09,2024-12-15,25,36.0,33.0,HistGradientBoosting,44.71016339471912,19.710163394719117
SKU10073,2024-12-09,2024-12-15,29,69.0,330.0,HistGradientBoosting,104.23022942594936,75.23022942594936
SKU10074,2024-12-09,2024-12-15,57,52.0,34.0,HistGradientBoosting,79.47318114648647,22.473181146486468
SKU10075,2024-12-09,2024-12-15,150,33.0,158.0,HistGradientBoosting,108.32585776977497,41.67414223022503
SKU10076,2024-12-09,2024-12-15,66,146.0,91.0,HistGradientBoosting,171.2295445213174,105.2295445213174
SKU10077,2024-12-09,2024-12-15,27,34.0,58.0,HistGradientBoosting,75.64294384691455,48.64294384691455
SKU10078,2024-12-09,2024-12-15,39,47.0,52.0,HistGradientBoosting,41.47843626063585,2.4784362606358528
SKU10079,2024-12-09,2024-12-15,71,32.0,64.0,HistGradientBoosting,89.82958199088091,18.82958199088091
SKU10080,2024-12-09,2024-12-15,5,50.0,37.0,HistGradientBoosting,53.50432758411884,48.50432758411884
SKU10081,2024-12-09,2024-12-15,18,19.0,18.0,HistGradientBoosting,46.93861616834237,28.93861616834237
SKU10082,2024-12-09,2024-12-15,195,210.0,456.0,HistGradientBoosting,305.76832459375345,110.76832459375345
SKU10083,2024-12-09,2024-12-15,64,171.0,258.0,HistGradientBoosting,169.1042111690072,105.10421116900719
SKU10084,2024-12-09,2024-12-15,19,8.0,29.0,HistGradientBoosting,18.74585668049956,0.25414331950043945
SKU10085,2024-12-09,2024-12-15,23,58.0,33.0,HistGradientBoosting,94.71552962443289,71.71552962443289
SKU10086,2024-12-09,2024-12-15,12,2.0,93.0,HistGradientBoosting,30.33590587844217,18.33590587844217
SKU10087,2024-12-09,2024-12-15,535,602.0,740.0,HistGradientBoosting,371.74328801059556,163.25671198940444
SKU10088,2024-12-09,2024-12-15,3,4.0,5.0,HistGradientBoosting,9.307958887001902,6.307958887001902
SKU10089,2024-12-09,2024-12-15,8,16.0,9.0,HistGradientBoosting,37.34417341481464,29.34417341481464
SKU10090,2024-12-09,2024-12-15,17,13.0,20.0,HistGradientBoosting,45.051131918987174,28.051131918987174
SKU10091,2024-12-09,2024-12-15,39,36.0,30.0,HistGradientBoosting,60.90890283796909,21.908902837969087
SKU10092,2024-12-09,2024-12-15,271,202.0,296.0,HistGradientBoosting,263.03365488732913,7.966345112670865
SKU10093,2024-12-09,2024-12-15,0,1.0,15.0,HistGradientBoosting,18.800216787071218,18.800216787071218
SKU10094,2024-12-09,2024-12-15,102,371.0,373.0,HistGradientBoosting,221.39097668690192,119.39097668690192
SKU10095,2024-12-09,2024-12-15,11,9.0,5.0,HistGradientBoosting,28.296845692457122,17.296845692457122
SKU10096,2024-12-09,2024-12-15,497,142.0,301.0,HistGradientBoosting,245.83012108592297,251.16987891407703
SKU10097,2024-12-09,2024-12-15,4,7.0,13.0,HistGradientBoosting,18.529117611011998,14.529117611011998
SKU10098,2024-12-09,2024-12-15,3,4.0,2.0,HistGradientBoosting,11.343373509693153,8.343373509693153
SKU10099,2024-12-09,2024-12-15,108,87.0,364.0,HistGradientBoosting,140.8193629167828,32.81936291678281
SKU10100,2024-12-09,2024-12-15,2352,3058.0,3365.0,HistGradientBoosting,3088.2439732989765,736.2439732989765
SKU10101,2024-12-09,2024-12-15,332,188.0,246.0,HistGradientBoosting,313.8293147754894,18.170685224510578
SKU10102,2024-12-09,2024-12-15,201,32.0,201.0,HistGradientBoosting,80.72175954818665,120.27824045181335
SKU10103,2024-12-09,2024-12-15,567,535.0,431.0,HistGradientBoosting,394.0826559141215,172.91734408587848
SKU10104,2024-12-09,2024-12-15,2,10.0,9.0,HistGradientBoosting,21.261330110611503,19.261330110611503
SKU10105,2024-12-09,2024-12-15,752,938.0,963.0,HistGradientBoosting,909.4616872543853,157.4616872543853
SKU10106,2024-12-09,2024-12-15,37,32.0,189.0,HistGradientBoosting,49.19798387319173,12.197983873191731
SKU10107,2024-12-09,2024-12-15,77,156.0,270.0,HistGradientBoosting,214.98230339074888,137.98230339074888
SKU10108,2024-12-09,2024-12-15,151,130.0,85.0,HistGradientBoosting,211.2871343216909,60.2871343216909
SKU10109,2024-12-09,2024-12-15,85,437.0,208.0,HistGradientBoosting,174.01806785443304,89.01806785443304
SKU10110,2024-12-09,2024-12-15,50,32.0,45.0,HistGradientBoosting,70.94297471725375,20.942974717253747
SKU10111,2024-12-09,2024-12-15,14,252.0,38.0,HistGradientBoosting,66.02614791272046,52.02614791272046
SKU10112,2024-12-09,2024-12-15,107,131.0,108.0,HistGradientBoosting,266.3692879021019,159.36928790210192
SKU10113,2024-12-09,2024-12-15,21,21.0,174.0,HistGradientBoosting,35.104238378704075,14.104238378704075
SKU10114,2024-12-09,2024-12-15,780,697.0,992.0,HistGradientBoosting,875.996467121817,95.99646712181698
SKU10115,2024-12-09,2024-12-15,44,254.0,152.0,HistGradientBoosting,126.86366208440595,82.86366208440595
SKU10116,2024-12-09,2024-12-15,23,21.0,10.0,HistGradientBoosting,22.37658414964062,0.623415850359379
SKU10117,2024-12-09,2024-12-15,239,157.0,81.0,HistGradientBoosting,213.3854843102422,25.61451568975781
SKU10118,2024-12-09,2024-12-15,74,49.0,35.0,HistGradientBoosting,106.54462380905453,32.54462380905453
SKU10119,2024-12-09,2024-12-15,52,369.0,96.0,HistGradientBoosting,148.5970746213091,96.5970746213091
SKU10120,2024-12-09,2024-12-15,264,174.0,125.0,HistGradientBoosting,242.8100863908719,21.189913609128098
SKU10121,2024-12-09,2024-12-15,20,12.0,16.0,HistGradientBoosting,17.519949928723918,2.4800500712760822
SKU10122,2024-12-09,2024-12-15,64,40.0,44.0,HistGradientBoosting,74.42389835979456,10.423898359794563
SKU10123,2024-12-09,2024-12-15,243,587.0,314.0,HistGradientBoosting,513.1471535253526,270.14715352535256
SKU10124,2024-12-09,2024-12-15,15,36.0,15.0,HistGradientBoosting,27.06243698898767,12.06243698898767
SKU10125,2024-12-09,2024-12-15,28,43.0,69.0,HistGradientBoosting,85.78016788816136,57.78016788816136
SKU10126,2024-12-09,2024-12-15,20,30.0,32.0,HistGradientBoosting,54.62587739036914,34.62587739036914
SKU10127,2024-12-09,2024-12-15,17,31.0,65.0,HistGradientBoosting,87.92114132279343,70.92114132279343
SKU10128,2024-12-09,2024-12-15,56,27.0,259.0,HistGradientBoosting,82.05092842888567,26.05092842888567
SKU10129,2024-12-09,2024-12-15,44,45.0,220.0,HistGradientBoosting,93.21650905258558,49.21650905258558
SKU10130,2024-12-09,2024-12-15,9,0.0,20.0,HistGradientBoosting,18.14187813096407,9.14187813096407
SKU10131,2024-12-09,2024-12-15,68,48.0,71.0,HistGradientBoosting,138.15817901827126,70.15817901827126
SKU10132,2024-12-09,2024-12-15,10,7.0,15.0,HistGradientBoosting,16.03378554072054,6.03378554072054
SKU10133,2024-12-09,2024-12-15,28,16.0,15.0,HistGradientBoosting,21.801646863690465,6.198353136309535
SKU10134,2024-12-09,2024-12-15,4,0.0,8.0,HistGradientBoosting,5.946418095825086,1.946418095825086
SKU10135,2024-12-09,2024-12-15,4,3.0,8.0,HistGradientBoosting,12.690938286292536,8.690938286292536
SKU10136,2024-12-09,2024-12-15,25,20.0,29.0,HistGradientBoosting,67.40410156022098,42.40410156022098
SKU10137,2024-12-09,2024-12-15,59,29.0,48.0,HistGradientBoosting,89.2290518375744,30.229051837574403
SKU10138,2024-12-09,2024-12-15,287,291.0,187.0,HistGradientBoosting,172.4081066946154,114.59189330538459
SKU10139,2024-12-09,2024-12-15,21,19.0,18.0,HistGradientBoosting,16.449607115243477,4.550392884756523
SKU10140,2024-12-09,2024-12-15,141,290.0,178.0,HistGradientBoosting,266.021200482321,125.02120048232098
SKU10141,2024-12-09,2024-12-15,96,103.0,94.0,HistGradientBoosting,159.6437510279916,63.64375102799161
SKU10142,2024-12-09,2024-12-15,34,35.0,25.0,HistGradientBoosting,32.14591968576297,1.8540803142370308
SKU10143,2024-12-09,2024-12-15,578,343.0,271.0,HistGradientBoosting,396.2840745689221,181.7159254310779
SKU10144,2024-12-09,2024-12-15,1362,1383.0,1598.0,HistGradientBoosting,1704.7453170472256,342.7453170472256
SKU10145,2024-12-09,2024-12-15,15,6.0,14.0,HistGradientBoosting,30.404965701818654,15.404965701818654
SKU10146,2024-12-09,2024-12-15,21,150.0,46.0,HistGradientBoosting,31.716924634743155,10.716924634743155
SKU10147,2024-12-09,2024-12-15,306,212.0,335.0,HistGradientBoosting,406.13707382368176,100.13707382368176
SKU10148,2024-12-09,2024-12-15,99,72.0,99.0,HistGradientBoosting,153.45613175216695,54.456131752166954
SKU10149,2024-12-09,2024-12-15,6,18.0,14.0,HistGradientBoosting,17.74078357747394,11.740783577473941
SKU10000,2024-12-16,2024-12-22,71,138.0,329.0,HistGradientBoosting,209.8443210467418,138.8443210467418
SKU10001,2024-12-16,2024-12-22,12,198.0,43.0,HistGradientBoosting,41.076291385278864,29.076291385278864
SKU10002,2024-12-16,2024-12-22,367,127.0,349.0,HistGradientBoosting,227.56225193713556,139.43774806286444
SKU10003,2024-12-16,2024-12-22,185,105.0,304.0,HistGradientBoosting,193.56282325153103,8.562823251531029
SKU10004,2024-12-16,2024-12-22,1,13.0,8.0,HistGradientBoosting,14.391813566370704,13.391813566370704
SKU10005,2024-12-16,2024-12-22,12,3.0,1.0,HistGradientBoosting,8.98527945499999,3.01472054500001
SKU10006,2024-12-16,2024-12-22,81,50.0,56.0,HistGradientBoosting,95.26685064584574,14.266850645845736
SKU10007,2024-12-16,2024-12-22,19,30.0,17.0,HistGradientBoosting,47.67413795263422,28.67413795263422
SKU10008,2024-12-16,2024-12-22,27,8.0,20.0,HistGradientBoosting,27.18857776546434,0.18857776546434124
SKU10009,2024-12-16,2024-12-22,31,44.0,152.0,HistGradientBoosting,86.07780819073972,55.07780819073972
SKU10010,2024-12-16,2024-12-22,15,10.0,32.0,HistGradientBoosting,31.60701529531746,16.60701529531746
SKU10011,2024-12-16,2024-12-22,56,35.0,46.0,HistGradientBoosting,87.3628005050727,31.3628005050727
SKU10012,2024-12-16,2024-12-22,36,163.0,37.0,HistGradientBoosting,51.36099184394323,15.360991843943232
SKU10013,2024-12-16,2024-12-22,55,23.0,60.0,HistGradientBoosting,77.06638915926779,22.066389159267786
SKU10014,2024-12-16,2024-12-22,83,13.0,114.0,HistGradientBoosting,42.486908735449965,40.513091264550035
SKU10015,2024-12-16,2024-12-22,78,53.0,67.0,HistGradientBoosting,136.68873638898313,58.68873638898313
SKU10016,2024-12-16,2024-12-22,12,4.0,9.0,HistGradientBoosting,16.38639715411109,4.386397154111091
SKU10017,2024-12-16,2024-12-22,355,82.0,87.0,HistGradientBoosting,147.3224583196001,207.6775416803999
SKU10018,2024-12-16,2024-12-22,13,186.0,44.0,HistGradientBoosting,76.66783490480714,63.66783490480714
SKU10019,2024-12-16,2024-12-22,298,184.0,333.0,HistGradientBoosting,380.647980037037,82.64798003703697
SKU10020,2024-12-16,2024-12-22,36,55.0,49.0,HistGradientBoosting,59.46969453379935,23.46969453379935
SKU10021,2024-12-16,2024-12-22,997,835.0,1122.0,HistGradientBoosting,935.6229055943162,61.377094405683806
SKU10022,2024-12-16,2024-12-22,42,189.0,249.0,HistGradientBoosting,113.53998052469271,71.53998052469271
SKU10023,2024-12-16,2024-12-22,11,15.0,16.0,HistGradientBoosting,18.03907477970614,7.039074779706141
SKU10024,2024-12-16,2024-12-22,87,154.0,347.0,HistGradientBoosting,234.39931044711844,147.39931044711844
SKU10025,2024-12-16,2024-12-22,19,24.0,42.0,HistGradientBoosting,29.722197551482818,10.722197551482818
SKU10026,2024-12-16,2024-12-22,10,11.0,34.0,HistGradientBoosting,21.033061826352405,11.033061826352405
SKU10027,2024-12-16,2024-12-22,164,3.0,15.0,HistGradientBoosting,24.090162340567883,139.90983765943213
SKU10028,2024-12-16,2024-12-22,160,229.0,38.0,HistGradientBoosting,56.16005159694485,103.83994840305516
SKU10029,2024-12-16,2024-12-22,48,54.0,42.0,HistGradientBoosting,70.67563162418179,22.67563162418179
SKU10030,2024-12-16,2024-12-22,11,4.0,36.0,HistGradientBoosting,21.83467293658375,10.83467293658375
SKU10031,2024-12-16,2024-12-22,378,148.0,473.0,HistGradientBoosting,292.9143118246046,85.08568817539538
SKU10032,2024-12-16,2024-12-22,7,180.0,17.0,HistGradientBoosting,16.26047261042263,9.260472610422632
SKU10033,2024-12-16,2024-12-22,33,6.0,36.0,HistGradientBoosting,19.946070926056056,13.053929073943944
SKU10034,2024-12-16,2024-12-22,46,20.0,192.0,HistGradientBoosting,58.95189222196291,12.951892221962908
SKU10035,2024-12-16,2024-12-22,3,7.0,3.0,HistGradientBoosting,11.728527149031724,8.728527149031724
SKU10036,2024-12-16,2024-12-22,170,36.0,36.0,HistGradientBoosting,50.979210326429346,119.02078967357065
SKU10037,2024-12-16,2024-12-22,87,88.0,64.0,HistGradientBoosting,100.63011229335272,13.630112293352724
SKU10038,2024-12-16,2024-12-22,40,139.0,29.0,HistGradientBoosting,53.12505234222421,13.125052342224208
SKU10039,2024-12-16,2024-12-22,9,7.0,20.0,HistGradientBoosting,16.481517043263068,7.481517043263068
SKU10040,2024-12-16,2024-12-22,31,25.0,190.0,HistGradientBoosting,38.08826469381913,7.088264693819127
SKU10041,2024-12-16,2024-12-22,13,12.0,9.0,HistGradientBoosting,14.943738922165231,1.943738922165231
SKU10042,2024-12-16,2024-12-22,498,142.0,246.0,HistGradientBoosting,241.80283579442084,256.19716420557916
SKU10043,2024-12-16,2024-12-22,15,15.0,119.0,HistGradientBoosting,18.074285954419807,3.074285954419807
SKU10044,2024-12-16,2024-12-22,38,28.0,61.0,HistGradientBoosting,128.08434477705504,90.08434477705504
SKU10045,2024-12-16,2024-12-22,802,1066.0,1857.0,HistGradientBoosting,1336.742421532293,534.7424215322931
SKU10046,2024-12-16,2024-12-22,42,58.0,40.0,HistGradientBoosting,81.31117867794029,39.31117867794029
SKU10047,2024-12-16,2024-12-22,201,184.0,614.0,HistGradientBoosting,478.19570703204,277.19570703204
SKU10048,2024-12-16,2024-12-22,2,7.0,28.0,HistGradientBoosting,19.910792398409747,17.910792398409747
SKU10049,2024-12-16,2024-12-22,101,219.0,268.0,HistGradientBoosting,192.9945607797474,91.99456077974739
SKU10050,2024-12-16,2024-12-22,46,38.0,38.0,HistGradientBoosting,62.77798749599519,16.77798749599519
SKU10051,2024-12-16,2024-12-22,77,76.0,90.0,HistGradientBoosting,189.08542347925834,112.08542347925834
SKU10052,2024-12-16,2024-12-22,15,3.0,4.0,HistGradientBoosting,15.467594023200018,0.46759402320001797
SKU10053,2024-12-16,2024-12-22,13,5.0,4.0,HistGradientBoosting,16.465486191447095,3.465486191447095
SKU10054,2024-12-16,2024-12-22,12,22.0,15.0,HistGradientBoosting,33.66904353614339,21.66904353614339
SKU10055,2024-12-16,2024-12-22,59,72.0,228.0,HistGradientBoosting,168.3177948142926,109.3177948142926
SKU10056,2024-12-16,2024-12-22,440,69.0,330.0,HistGradientBoosting,182.50670194610913,257.49329805389084
SKU10057,2024-12-16,2024-12-22,374,195.0,94.0,HistGradientBoosting,185.10853412963178,188.89146587036822
SKU10058,2024-12-16,2024-12-22,6,1.0,9.0,HistGradientBoosting,15.568936290714587,9.568936290714587
SKU10059,2024-12-16,2024-12-22,294,113.0,178.0,HistGradientBoosting,257.81147233857183,36.18852766142817
SKU10060,2024-12-16,2024-12-22,44,38.0,19.0,HistGradientBoosting,66.12944940217926,22.12944940217926
SKU10061,2024-12-16,2024-12-22,167,31.0,16.0,HistGradientBoosting,32.833331252894055,134.16666874710594
SKU10062,2024-12-16,2024-12-22,2,2.0,5.0,HistGradientBoosting,15.320523720373016,13.320523720373016
SKU10063,2024-12-16,2024-12-22,78,191.0,268.0,HistGradientBoosting,170.73363011191992,92.73363011191992
SKU10064,2024-12-16,2024-12-22,17,3.0,26.0,HistGradientBoosting,14.00807015648945,2.9919298435105492
SKU10065,2024-12-16,2024-12-22,151,96.0,65.0,HistGradientBoosting,82.39218702106061,68.60781297893939
SKU10066,2024-12-16,2024-12-22,296,102.0,120.0,HistGradientBoosting,207.88846224252964,88.11153775747036
SKU10067,2024-12-16,2024-12-22,11,13.0,156.0,HistGradientBoosting,10.450432063373666,0.5495679366263335
SKU10068,2024-12-16,2024-12-22,109,122.0,35.0,HistGradientBoosting,77.77731845868459,31.22268154131541
SKU10069,2024-12-16,2024-12-22,13,9.0,25.0,HistGradientBoosting,18.34670164380275,5.346701643802749
SKU10070,2024-12-16,2024-12-22,87,35.0,47.0,HistGradientBoosting,28.105855954073842,58.894144045926154
SKU10071,2024-12-16,2024-12-22,36,29.0,51.0,HistGradientBoosting,57.686679371318874,21.686679371318874
SKU10072,2024-12-16,2024-12-22,17,25.0,54.0,HistGradientBoosting,37.50884958810383,20.50884958810383
SKU10073,2024-12-16,2024-12-22,49,29.0,294.0,HistGradientBoosting,137.27995204200724,88.27995204200724
SKU10074,2024-12-16,2024-12-22,193,57.0,143.0,HistGradientBoosting,65.34281483845648,127.65718516154352
SKU10075,2024-12-16,2024-12-22,61,150.0,65.0,HistGradientBoosting,55.94089073417483,5.059109265825171
SKU10076,2024-12-16,2024-12-22,96,66.0,102.0,HistGradientBoosting,125.42483690106215,29.42483690106215
SKU10077,2024-12-16,2024-12-22,40,27.0,314.0,HistGradientBoosting,66.620045102103,26.620045102103006
SKU10078,2024-12-16,2024-12-22,135,39.0,347.0,HistGradientBoosting,62.83313414467083,72.16686585532918
SKU10079,2024-12-16,2024-12-22,49,71.0,36.0,HistGradientBoosting,67.70737063964945,18.707370639649454
SKU10080,2024-12-16,2024-12-22,31,5.0,30.0,HistGradientBoosting,37.54662162817834,6.546621628178343
SKU10081,2024-12-16,2024-12-22,21,18.0,119.0,HistGradientBoosting,66.79255179242828,45.792551792428284
SKU10082,2024-12-16,2024-12-22,223,195.0,241.0,HistGradientBoosting,303.3857104729922,80.38571047299217
SKU10083,2024-12-16,2024-12-22,52,64.0,57.0,HistGradientBoosting,141.59605468046104,89.59605468046104
SKU10084,2024-12-16,2024-12-22,19,19.0,25.0,HistGradientBoosting,20.9572273136267,1.9572273136266993
SKU10085,2024-12-16,2024-12-22,36,23.0,56.0,HistGradientBoosting,52.98064181894459,16.98064181894459
SKU10086,2024-12-16,2024-12-22,13,12.0,20.0,HistGradientBoosting,39.247604049570405,26.247604049570405
SKU10087,2024-12-16,2024-12-22,485,535.0,470.0,HistGradientBoosting,387.4142731724346,97.5857268275654
SKU10088,2024-12-16,2024-12-22,5,3.0,8.0,HistGradientBoosting,9.621993807580418,4.621993807580418
SKU10089,2024-12-16,2024-12-22,16,8.0,12.0,HistGradientBoosting,26.49676031463724,10.496760314637239
SKU10090,2024-12-16,2024-12-22,16,17.0,32.0,HistGradientBoosting,34.0904369934456,18.0904369934456
SKU10091,2024-12-16,2024-12-22,27,39.0,42.0,HistGradientBoosting,94.9114618495085,67.9114618495085
SKU10092,2024-12-16,2024-12-22,412,271.0,169.0,HistGradientBoosting,279.74472056534927,132.25527943465073
SKU10093,2024-12-16,2024-12-22,18,0.0,6.0,HistGradientBoosting,13.137975081275702,4.862024918724298
SKU10094,2024-12-16,2024-12-22,254,102.0,115.0,HistGradientBoosting,181.09487958943367,72.90512041056633
SKU10095,2024-12-16,2024-12-22,6,11.0,1.0,HistGradientBoosting,16.07849129835981,10.078491298359811
SKU10096,2024-12-16,2024-12-22,435,497.0,125.0,HistGradientBoosting,293.47040807386827,141.52959192613173
SKU10097,2024-12-16,2024-12-22,9,4.0,3.0,HistGradientBoosting,10.101809787351396,1.101809787351396
SKU10098,2024-12-16,2024-12-22,2,3.0,13.0,HistGradientBoosting,19.953510228869256,17.953510228869256
SKU10099,2024-12-16,2024-12-22,70,108.0,238.0,HistGradientBoosting,195.42650051842645,125.42650051842645
SKU10100,2024-12-16,2024-12-22,2919,2352.0,3781.0,HistGradientBoosting,3279.788993908695,360.7889939086949
SKU10101,2024-12-16,2024-12-22,171,332.0,369.0,HistGradientBoosting,286.6965185895634,115.69651858956342
SKU10102,2024-12-16,2024-12-22,61,201.0,115.0,HistGradientBoosting,99.57206551078144,38.57206551078144
SKU10103,2024-12-16,2024-12-22,371,567.0,529.0,HistGradientBoosting,392.79817205164983,21.79817205164983
SKU10104,2024-12-16,2024-12-22,4,2.0,0.0,HistGradientBoosting,10.502901673527182,6.502901673527182
SKU10105,2024-12-16,2024-12-22,861,752.0,859.0,HistGradientBoosting,814.2491497235001,46.75085027649993
SKU10106,2024-12-16,2024-12-22,46,37.0,30.0,HistGradientBoosting,52.752099641774244,6.752099641774244
SKU10107,2024-12-16,2024-12-22,63,77.0,96.0,HistGradientBoosting,138.10502153676148,75.10502153676148
SKU10108,2024-12-16,2024-12-22,263,151.0,132.0,HistGradientBoosting,265.4928460261742,2.4928460261742202
SKU10109,2024-12-16,2024-12-22,45,85.0,72.0,HistGradientBoosting,132.9534730414387,87.95347304143871
SKU10110,2024-12-16,2024-12-22,35,50.0,121.0,HistGradientBoosting,66.33577587515212,31.335775875152123
SKU10111,2024-12-16,2024-12-22,56,14.0,24.0,HistGradientBoosting,42.81144574991723,13.188554250082767
SKU10112,2024-12-16,2024-12-22,112,107.0,348.0,HistGradientBoosting,242.86282199253446,130.86282199253446
SKU10113,2024-12-16,2024-12-22,6,21.0,14.0,HistGradientBoosting,38.83056712237988,32.83056712237988
SKU10114,2024-12-16,2024-12-22,478,780.0,1268.0,HistGradientBoosting,870.3055507675505,392.30555076755047
SKU10115,2024-12-16,2024-12-22,51,44.0,90.0,HistGradientBoosting,134.7337835154714,83.7337835154714
SKU10116,2024-12-16,2024-12-22,8,23.0,9.0,HistGradientBoosting,29.427322658982522,21.427322658982522
SKU10117,2024-12-16,2024-12-22,91,239.0,132.0,HistGradientBoosting,206.69105398899583,115.69105398899583
SKU10118,2024-12-16,2024-12-22,16,74.0,187.0,HistGradientBoosting,91.03610912889236,75.03610912889236
SKU10119,2024-12-16,2024-12-22,356,52.0,73.0,HistGradientBoosting,130.1289354452161,225.8710645547839
SKU10120,2024-12-16,2024-12-22,250,264.0,116.0,HistGradientBoosting,222.29098647305494,27.709013526945057
SKU10121,2024-12-16,2024-12-22,6,20.0,18.0,HistGradientBoosting,20.182848594955782,14.182848594955782
SKU10122,2024-12-16,2024-12-22,15,64.0,35.0,HistGradientBoosting,58.74558732008415,43.74558732008415
SKU10123,2024-12-16,2024-12-22,469,243.0,486.0,HistGradientBoosting,439.47162043497315,29.528379565026853
SKU10124,2024-12-16,2024-12-22,14,15.0,35.0,HistGradientBoosting,27.007701733611437,13.007701733611437
SKU10125,2024-12-16,2024-12-22,43,28.0,56.0,HistGradientBoosting,76.98199423504497,33.981994235044965
SKU10126,2024-12-16,2024-12-22,21,20.0,198.0,HistGradientBoosting,65.30199052144437,44.30199052144437
SKU10127,2024-12-16,2024-12-22,47,17.0,38.0,HistGradientBoosting,46.08420522153221,0.9157947784677916
SKU10128,2024-12-16,2024-12-22,31,56.0,104.0,HistGradientBoosting,61.86649371593768,30.86649371593768
SKU10129,2024-12-16,2024-12-22,25,44.0,43.0,HistGradientBoosting,80.75639800722114,55.75639800722114
SKU10130,2024-12-16,2024-12-22,20,9.0,13.0,HistGradientBoosting,17.985940685390425,2.0140593146095753
SKU10131,2024-12-16,2024-12-22,252,68.0,150.0,HistGradientBoosting,158.21661069190418,93.78338930809582
SKU10132,2024-12-16,2024-12-22,9,10.0,18.0,HistGradientBoosting,13.76638091929051,4.76638091929051
SKU10133,2024-12-16,2024-12-22,11,28.0,14.0,HistGradientBoosting,17.519585569488445,6.519585569488445
SKU10134,2024-12-16,2024-12-22,14,4.0,2.0,HistGradientBoosting,10.277328533328935,3.7226714666710645
SKU10135,2024-12-16,2024-12-22,12,4.0,6.0,HistGradientBoosting,19.59833192448712,7.59833192448712
SKU10136,2024-12-16,2024-12-22,32,25.0,52.0,HistGradientBoosting,42.40135824786854,10.401358247868536
SKU10137,2024-12-16,2024-12-22,214,59.0,67.0,HistGradientBoosting,68.3218919091673,145.6781080908327
SKU10138,2024-12-16,2024-12-22,239,287.0,281.0,HistGradientBoosting,225.5639448962467,13.43605510375329
SKU10139,2024-12-16,2024-12-22,14,21.0,1.0,HistGradientBoosting,17.908515639749417,3.9085156397494174
SKU10140,2024-12-16,2024-12-22,237,141.0,249.0,HistGradientBoosting,295.6132439108935,58.613243910893516
SKU10141,2024-12-16,2024-12-22,98,96.0,167.0,HistGradientBoosting,148.22826399177313,50.22826399177313
SKU10142,2024-12-16,2024-12-22,6,34.0,34.0,HistGradientBoosting,48.69690289231388,42.69690289231388
SKU10143,2024-12-16,2024-12-22,298,578.0,488.0,HistGradientBoosting,458.06640346435563,160.06640346435563
SKU10144,2024-12-16,2024-12-22,1575,1362.0,1568.0,HistGradientBoosting,1822.5581736040053,247.55817360400533
SKU10145,2024-12-16,2024-12-22,14,15.0,5.0,HistGradientBoosting,13.638959121793128,0.3610408782068717
SKU10146,2024-12-16,2024-12-22,27,21.0,40.0,HistGradientBoosting,42.88661324003911,15.886613240039111
SKU10147,2024-12-16,2024-12-22,260,306.0,478.0,HistGradientBoosting,359.9423387977647,99.9423387977647
SKU10148,2024-12-16,2024-12-22,72,99.0,82.0,HistGradientBoosting,159.91666654002208,87.91666654002208
SKU10149,2024-12-16,2024-12-22,2,6.0,4.0,HistGradientBoosting,12.914182645470264,10.914182645470264
SKU10000,2024-12-23,2024-12-29,208,71.0,217.0,HistGradientBoosting,188.6239882434309,19.376011756569113
SKU10001,2024-12-23,2024-12-29,14,12.0,15.0,HistGradientBoosting,53.5225422943131,39.5225422943131
SKU10002,2024-12-23,2024-12-29,108,367.0,285.0,HistGradientBoosting,225.8596363608073,117.85963636080729
SKU10003,2024-12-23,2024-12-29,278,185.0,88.0,HistGradientBoosting,152.8702839958389,125.12971600416111
SKU10004,2024-12-23,2024-12-29,14,1.0,8.0,HistGradientBoosting,11.312505749026112,2.687494250973888
SKU10005,2024-12-23,2024-12-29,9,12.0,1.0,HistGradientBoosting,12.828385432190714,3.8283854321907143
SKU10006,2024-12-23,2024-12-29,36,81.0,102.0,HistGradientBoosting,88.4488449422329,52.448844942232896
SKU10007,2024-12-23,2024-12-29,25,19.0,9.0,HistGradientBoosting,33.73655930258026,8.736559302580261
SKU10008,2024-12-23,2024-12-29,4,27.0,16.0,HistGradientBoosting,24.099450886072162,20.099450886072162
SKU10009,2024-12-23,2024-12-29,39,31.0,225.0,HistGradientBoosting,89.10081289612911,50.10081289612911
SKU10010,2024-12-23,2024-12-29,22,15.0,21.0,HistGradientBoosting,34.521844808010364,12.521844808010364
SKU10011,2024-12-23,2024-12-29,153,56.0,202.0,HistGradientBoosting,78.46573798680377,74.53426201319623
SKU10012,2024-12-23,2024-12-29,19,36.0,47.0,HistGradientBoosting,42.56950397549375,23.569503975493753
SKU10013,2024-12-23,2024-12-29,40,55.0,70.0,HistGradientBoosting,87.00492437754521,47.00492437754521
SKU10014,2024-12-23,2024-12-29,31,83.0,59.0,HistGradientBoosting,28.345682762880454,2.654317237119546
SKU10015,2024-12-23,2024-12-29,300,78.0,318.0,HistGradientBoosting,153.50131279810745,146.49868720189255
SKU10016,2024-12-23,2024-12-29,6,12.0,9.0,HistGradientBoosting,15.854481822515607,9.854481822515607
SKU10017,2024-12-23,2024-12-29,209,355.0,272.0,HistGradientBoosting,104.13350869345491,104.86649130654509
SKU10018,2024-12-23,2024-12-29,13,13.0,125.0,HistGradientBoosting,71.68613873117988,58.68613873117988
SKU10019,2024-12-23,2024-12-29,335,298.0,186.0,HistGradientBoosting,428.5734771569449,93.57347715694488
SKU10020,2024-12-23,2024-12-29,20,36.0,40.0,HistGradientBoosting,63.795045317862154,43.795045317862154
SKU10021,2024-12-23,2024-12-29,793,997.0,1526.0,HistGradientBoosting,926.4613084444267,133.46130844442666
SKU10022,2024-12-23,2024-12-29,56,42.0,52.0,HistGradientBoosting,75.05018544636648,19.050185446366484
SKU10023,2024-12-23,2024-12-29,7,11.0,14.0,HistGradientBoosting,21.574882950979838,14.574882950979838
SKU10024,2024-12-23,2024-12-29,155,87.0,155.0,HistGradientBoosting,186.07895018721754,31.078950187217544
SKU10025,2024-12-23,2024-12-29,11,19.0,18.0,HistGradientBoosting,61.664660614343475,50.664660614343475
SKU10026,2024-12-23,2024-12-29,21,10.0,38.0,HistGradientBoosting,37.068335352213545,16.068335352213545
SKU10027,2024-12-23,2024-12-29,57,164.0,0.0,HistGradientBoosting,16.63621178791015,40.36378821208985
SKU10028,2024-12-23,2024-12-29,32,160.0,121.0,HistGradientBoosting,68.8657558681008,36.865755868100806
SKU10029,2024-12-23,2024-12-29,26,48.0,38.0,HistGradientBoosting,81.9493856307563,55.9493856307563
SKU10030,2024-12-23,2024-12-29,26,11.0,29.0,HistGradientBoosting,19.06951612581265,6.930483874187349
SKU10031,2024-12-23,2024-12-29,175,378.0,305.0,HistGradientBoosting,258.6032378048677,83.60323780486772
SKU10032,2024-12-23,2024-12-29,10,7.0,6.0,HistGradientBoosting,12.468269335129081,2.468269335129081
SKU10033,2024-12-23,2024-12-29,13,33.0,16.0,HistGradientBoosting,35.045373085583485,22.045373085583485
SKU10034,2024-12-23,2024-12-29,16,46.0,39.0,HistGradientBoosting,38.41852864386841,22.418528643868413
SKU10035,2024-12-23,2024-12-29,10,3.0,11.0,HistGradientBoosting,21.631158033054003,11.631158033054003
SKU10036,2024-12-23,2024-12-29,46,170.0,68.0,HistGradientBoosting,53.021426118635254,7.0214261186352545
SKU10037,2024-12-23,2024-12-29,52,87.0,74.0,HistGradientBoosting,137.08933371925318,85.08933371925318
SKU10038,2024-12-23,2024-12-29,44,40.0,210.0,HistGradientBoosting,62.62173591272156,18.62173591272156
SKU10039,2024-12-23,2024-12-29,21,9.0,18.0,HistGradientBoosting,18.109125015626056,2.8908749843739443
SKU10040,2024-12-23,2024-12-29,11,31.0,151.0,HistGradientBoosting,52.54500919575671,41.54500919575671
SKU10041,2024-12-23,2024-12-29,6,13.0,5.0,HistGradientBoosting,12.027414481258722,6.027414481258722
SKU10042,2024-12-23,2024-12-29,368,498.0,296.0,HistGradientBoosting,244.40430770594583,123.59569229405417
SKU10043,2024-12-23,2024-12-29,3,15.0,2.0,HistGradientBoosting,12.78008712129277,9.78008712129277
SKU10044,2024-12-23,2024-12-29,67,38.0,44.0,HistGradientBoosting,58.98629041838075,8.013709581619253
SKU10045,2024-12-23,2024-12-29,1288,802.0,1654.0,HistGradientBoosting,1413.8967284920818,125.89672849208182
SKU10046,2024-12-23,2024-12-29,25,42.0,41.0,HistGradientBoosting,82.15016262586654,57.15016262586654
SKU10047,2024-12-23,2024-12-29,566,201.0,301.0,HistGradientBoosting,452.3554688671546,113.64453113284537
SKU10048,2024-12-23,2024-12-29,25,2.0,38.0,HistGradientBoosting,17.610227788568046,7.3897722114319535
SKU10049,2024-12-23,2024-12-29,259,101.0,228.0,HistGradientBoosting,181.2789993364431,77.72100066355691
SKU10050,2024-12-23,2024-12-29,39,46.0,40.0,HistGradientBoosting,52.61419759434686,13.614197594346862
SKU10051,2024-12-23,2024-12-29,78,77.0,108.0,HistGradientBoosting,170.16290303939076,92.16290303939076
SKU10052,2024-12-23,2024-12-29,6,15.0,15.0,HistGradientBoosting,12.68462273098814,6.68462273098814
SKU10053,2024-12-23,2024-12-29,5,13.0,10.0,HistGradientBoosting,16.59472830482736,11.59472830482736
SKU10054,2024-12-23,2024-12-29,112,12.0,11.0,HistGradientBoosting,10.325673021509058,101.67432697849094
SKU10055,2024-12-23,2024-12-29,74,59.0,85.0,HistGradientBoosting,136.48768134130725,62.48768134130725
SKU10056,2024-12-23,2024-12-29,306,440.0,223.0,HistGradientBoosting,209.69396818109664,96.30603181890336
SKU10057,2024-12-23,2024-12-29,326,374.0,187.0,HistGradientBoosting,162.53874577668458,163.46125422331542
SKU10058,2024-12-23,2024-12-29,11,6.0,11.0,HistGradientBoosting,19.462126963224478,8.462126963224478
SKU10059,2024-12-23,2024-12-29,202,294.0,322.0,HistGradientBoosting,246.43844384617105,44.438443846171054
SKU10060,2024-12-23,2024-12-29,16,44.0,21.0,HistGradientBoosting,47.01133498164133,31.011334981641333
SKU10061,2024-12-23,2024-12-29,166,167.0,36.0,HistGradientBoosting,47.832644302214625,118.16735569778538
SKU10062,2024-12-23,2024-12-29,12,2.0,8.0,HistGradientBoosting,16.370234015659328,4.370234015659328
SKU10063,2024-12-23,2024-12-29,89,78.0,271.0,HistGradientBoosting,177.37373614353024,88.37373614353024
SKU10064,2024-12-23,2024-12-29,20,17.0,13.0,HistGradientBoosting,21.044549311578585,1.044549311578585
SKU10065,2024-12-23,2024-12-29,27,151.0,50.0,HistGradientBoosting,102.00301525308896,75.00301525308896
SKU10066,2024-12-23,2024-12-29,132,296.0,157.0,HistGradientBoosting,177.76108823731286,45.76108823731286
SKU10067,2024-12-23,2024-12-29,1,11.0,9.0,HistGradientBoosting,16.50279799960679,15.502797999606791
SKU10068,2024-12-23,2024-12-29,19,109.0,62.0,HistGradientBoosting,47.052134574861185,28.052134574861185
SKU10069,2024-12-23,2024-12-29,10,13.0,10.0,HistGradientBoosting,17.14993357188304,7.1499335718830395
SKU10070,2024-12-23,2024-12-29,9,87.0,94.0,HistGradientBoosting,60.99959860260046,51.99959860260046
SKU10071,2024-12-23,2024-12-29,25,36.0,179.0,HistGradientBoosting,62.51726956857561,37.51726956857561
SKU10072,2024-12-23,2024-12-29,32,17.0,48.0,HistGradientBoosting,37.828101302830106,5.828101302830106
SKU10073,2024-12-23,2024-12-29,44,49.0,53.0,HistGradientBoosting,73.73742476367092,29.737424763670916
SKU10074,2024-12-23,2024-12-29,213,193.0,27.0,HistGradientBoosting,65.9950631077869,147.0049368922131
SKU10075,2024-12-23,2024-12-29,52,61.0,45.0,HistGradientBoosting,61.608185627883735,9.608185627883735
SKU10076,2024-12-23,2024-12-29,83,96.0,244.0,HistGradientBoosting,187.69947330736022,104.69947330736022
SKU10077,2024-12-23,2024-12-29,48,40.0,300.0,HistGradientBoosting,89.44835673800746,41.44835673800746
SKU10078,2024-12-23,2024-12-29,47,135.0,49.0,HistGradientBoosting,46.979555197625565,0.0204448023744348
SKU10079,2024-12-23,2024-12-29,38,49.0,87.0,HistGradientBoosting,76.41074708567074,38.410747085670735
SKU10080,2024-12-23,2024-12-29,11,31.0,11.0,HistGradientBoosting,28.48333052513501,17.48333052513501
SKU10081,2024-12-23,2024-12-29,215,21.0,28.0,HistGradientBoosting,62.65288056180577,152.34711943819423
SKU10082,2024-12-23,2024-12-29,121,223.0,337.0,HistGradientBoosting,297.7124983759588,176.71249837595877
SKU10083,2024-12-23,2024-12-29,233,52.0,35.0,HistGradientBoosting,115.53246277917687,117.46753722082313
SKU10084,2024-12-23,2024-12-29,113,19.0,12.0,HistGradientBoosting,42.817879457056705,70.1821205429433
SKU10085,2024-12-23,2024-12-29,29,36.0,39.0,HistGradientBoosting,60.24342340641913,31.243423406419133
SKU10086,2024-12-23,2024-12-29,169,13.0,115.0,HistGradientBoosting,39.692570331469454,129.30742966853055
SKU10087,2024-12-23,2024-12-29,520,485.0,698.0,HistGradientBoosting,311.4106073922565,208.5893926077435
SKU10088,2024-12-23,2024-12-29,23,5.0,14.0,HistGradientBoosting,14.802119664006714,8.197880335993286
SKU10089,2024-12-23,2024-12-29,29,16.0,14.0,HistGradientBoosting,32.879867212263584,3.8798672122635836
SKU10090,2024-12-23,2024-12-29,20,16.0,31.0,HistGradientBoosting,27.605798235374927,7.605798235374927
SKU10091,2024-12-23,2024-12-29,15,27.0,59.0,HistGradientBoosting,57.319726352593605,42.319726352593605
SKU10092,2024-12-23,2024-12-29,122,412.0,148.0,HistGradientBoosting,261.9249975494883,139.9249975494883
SKU10093,2024-12-23,2024-12-29,11,18.0,11.0,HistGradientBoosting,27.47360808999962,16.47360808999962
SKU10094,2024-12-23,2024-12-29,86,254.0,124.0,HistGradientBoosting,191.39914271783115,105.39914271783115
SKU10095,2024-12-23,2024-12-29,13,6.0,10.0,HistGradientBoosting,41.29426810330375,28.29426810330375
SKU10096,2024-12-23,2024-12-29,151,435.0,305.0,HistGradientBoosting,260.2264108804167,109.22641088041672
SKU10097,2024-12-23,2024-12-29,1,9.0,13.0,HistGradientBoosting,12.874831293866933,11.874831293866933
SKU10098,2024-12-23,2024-12-29,4,2.0,7.0,HistGradientBoosting,17.283056237202917,13.283056237202917
SKU10099,2024-12-23,2024-12-29,86,70.0,100.0,HistGradientBoosting,148.02874519155972,62.02874519155972
SKU10100,2024-12-23,2024-12-29,2575,2919.0,3682.0,HistGradientBoosting,3279.788993908695,704.7889939086949
SKU10101,2024-12-23,2024-12-29,342,171.0,291.0,HistGradientBoosting,285.9689721230703,56.03102787692973
SKU10102,2024-12-23,2024-12-29,23,61.0,33.0,HistGradientBoosting,83.94388548130833,60.94388548130833
SKU10103,2024-12-23,2024-12-29,547,371.0,888.0,HistGradientBoosting,476.3965534257125,70.60344657428749
SKU10104,2024-12-23,2024-12-29,7,4.0,10.0,HistGradientBoosting,9.835635661573004,2.8356356615730043
SKU10105,2024-12-23,2024-12-29,702,861.0,822.0,HistGradientBoosting,840.6985017995592,138.69850179955915
SKU10106,2024-12-23,2024-12-29,36,46.0,22.0,HistGradientBoosting,53.06651375827424,17.06651375827424
SKU10107,2024-12-23,2024-12-29,249,63.0,65.0,HistGradientBoosting,155.93543785077586,93.06456214922414
SKU10108,2024-12-23,2024-12-29,328,263.0,154.0,HistGradientBoosting,256.190882555863,71.80911744413697
SKU10109,2024-12-23,2024-12-29,54,45.0,392.0,HistGradientBoosting,133.66539320975113,79.66539320975113
SKU10110,2024-12-23,2024-12-29,112,35.0,183.0,HistGradientBoosting,80.06102665901827,31.938973340981732
SKU10111,2024-12-23,2024-12-29,39,56.0,40.0,HistGradientBoosting,65.5384837058574,26.538483705857402
SKU10112,2024-12-23,2024-12-29,104,112.0,275.0,HistGradientBoosting,251.65867258593897,147.65867258593897
SKU10113,2024-12-23,2024-12-29,8,6.0,20.0,HistGradientBoosting,22.09537580897999,14.095375808979991
SKU10114,2024-12-23,2024-12-29,862,478.0,635.0,HistGradientBoosting,900.8128132050342,38.81281320503422
SKU10115,2024-12-23,2024-12-29,224,51.0,116.0,HistGradientBoosting,144.292611411084,79.70738858891599
SKU10116,2024-12-23,2024-12-29,11,8.0,4.0,HistGradientBoosting,21.76581622478962,10.76581622478962
SKU10117,2024-12-23,2024-12-29,245,91.0,316.0,HistGradientBoosting,184.43868849139554,60.56131150860446
SKU10118,2024-12-23,2024-12-29,29,16.0,51.0,HistGradientBoosting,73.7924239800838,44.7924239800838
SKU10119,2024-12-23,2024-12-29,89,356.0,108.0,HistGradientBoosting,121.08344103004008,32.08344103004008
SKU10120,2024-12-23,2024-12-29,56,250.0,362.0,HistGradientBoosting,243.91376064556,187.91376064556
SKU10121,2024-12-23,2024-12-29,8,6.0,2.0,HistGradientBoosting,13.488812752477152,5.488812752477152
SKU10122,2024-12-23,2024-12-29,38,15.0,130.0,HistGradientBoosting,42.31663777550922,4.316637775509221
SKU10123,2024-12-23,2024-12-29,546,469.0,248.0,HistGradientBoosting,437.56031458649284,108.43968541350716
SKU10124,2024-12-23,2024-12-29,12,14.0,11.0,HistGradientBoosting,26.348213725677223,14.348213725677223
SKU10125,2024-12-23,2024-12-29,61,43.0,39.0,HistGradientBoosting,62.921191487128524,1.9211914871285245
SKU10126,2024-12-23,2024-12-29,30,21.0,6.0,HistGradientBoosting,57.622037094835534,27.622037094835534
SKU10127,2024-12-23,2024-12-29,25,47.0,33.0,HistGradientBoosting,69.00146099164294,44.001460991642944
SKU10128,2024-12-23,2024-12-29,36,31.0,68.0,HistGradientBoosting,117.15191019134815,81.15191019134815
SKU10129,2024-12-23,2024-12-29,88,25.0,54.0,HistGradientBoosting,55.551312014546596,32.448687985453404
SKU10130,2024-12-23,2024-12-29,12,20.0,23.0,HistGradientBoosting,33.828306417447436,21.828306417447436
SKU10131,2024-12-23,2024-12-29,175,252.0,93.0,HistGradientBoosting,104.87713769241446,70.12286230758554
SKU10132,2024-12-23,2024-12-29,11,9.0,5.0,HistGradientBoosting,10.506769352530075,0.4932306474699253
SKU10133,2024-12-23,2024-12-29,5,11.0,2.0,HistGradientBoosting,18.444477456689558,13.444477456689558
SKU10134,2024-12-23,2024-12-29,7,14.0,2.0,HistGradientBoosting,12.579766667324819,5.579766667324819
SKU10135,2024-12-23,2024-12-29,11,12.0,3.0,HistGradientBoosting,12.101488316356598,1.1014883163565976
SKU10136,2024-12-23,2024-12-29,141,32.0,33.0,HistGradientBoosting,63.216240470380285,77.78375952961972
SKU10137,2024-12-23,2024-12-29,57,214.0,219.0,HistGradientBoosting,99.1782909435654,42.1782909435654
SKU10138,2024-12-23,2024-12-29,129,239.0,194.0,HistGradientBoosting,193.75709993688378,64.75709993688378
SKU10139,2024-12-23,2024-12-29,184,14.0,16.0,HistGradientBoosting,13.717921740362014,170.28207825963798
SKU10140,2024-12-23,2024-12-29,174,237.0,286.0,HistGradientBoosting,252.20306819320533,78.20306819320533
SKU10141,2024-12-23,2024-12-29,248,98.0,68.0,HistGradientBoosting,206.0269225422687,41.97307745773131
SKU10142,2024-12-23,2024-12-29,131,6.0,294.0,HistGradientBoosting,32.38918604070618,98.61081395929382
SKU10143,2024-12-23,2024-12-29,653,298.0,385.0,HistGradientBoosting,404.84093141510726,248.15906858489274
SKU10144,2024-12-23,2024-12-29,1656,1575.0,1676.0,HistGradientBoosting,1677.8913630356733,21.891363035673294
SKU10145,2024-12-23,2024-12-29,8,14.0,18.0,HistGradientBoosting,15.434198960434516,7.434198960434516
SKU10146,2024-12-23,2024-12-29,29,27.0,24.0,HistGradientBoosting,46.91837824965857,17.918378249658574
SKU10147,2024-12-23,2024-12-29,622,260.0,394.0,HistGradientBoosting,324.79761104153334,297.20238895846666
SKU10148,2024-12-23,2024-12-29,61,72.0,448.0,HistGradientBoosting,167.73013598259004,106.73013598259004
SKU10149,2024-12-23,2024-12-29,17,2.0,13.0,HistGradientBoosting,14.77802544296265,2.221974557037351
